MJD	FLUX_100_300000	ERROR_100_300000
54688.500743	9.577098e-08	2.965300e-09
54689.500743	1.209674e-07	1.607956e-09
54690.500743	1.684671e-07	1.643102e-09
54691.500743	3.231207e-07	7.945157e-08
54692.500743	2.073799e-07	1.584371e-07
54693.500743	1.092771e-07	3.883946e-09
54694.500743	3.541930e-07	1.236677e-07
54695.500743	3.186724e-07	7.884829e-08
54696.500743	2.313250e-07	7.477667e-08
54697.500743	2.891544e-07	7.305827e-08
54698.500743	6.182925e-07	9.445322e-08
54699.500743	9.362164e-08	1.721419e-09
54700.500743	1.957977e-07	6.886717e-08
54701.500743	2.194363e-07	0.000000e+00
54702.500743	3.803436e-07	7.737718e-08
54703.500743	2.030511e-07	7.257263e-08
54704.500743	5.885583e-07	1.984059e-07
54705.500743	2.261386e-07	9.958948e-08
54706.500743	6.737713e-07	1.265885e-07
54707.500743	1.495598e-07	1.484119e-11
54708.500743	2.942361e-07	1.084336e-07
54709.500743	2.989727e-07	1.055987e-07
54710.500743	3.653818e-07	1.160550e-07
54711.500743	2.340415e-07	8.710750e-08
54712.500743	4.606540e-07	1.621178e-07
54713.500743	1.980946e-07	5.978441e-08
54714.500743	3.430715e-07	1.288809e-07
54715.500743	3.371188e-07	1.507447e-07
54716.500743	1.881879e-07	7.634099e-08
54717.500743	5.248988e-07	1.844968e-07
54718.500743	3.957639e-07	1.155845e-07
54719.500743	1.548345e-07	3.257887e-08
54720.500743	4.114694e-07	1.136805e-07
54721.500743	1.073646e-07	1.880039e-08
54722.500743	1.817039e-07	1.153529e-07
54723.500743	4.802767e-07	1.106618e-07
54724.500743	1.343436e-07	1.675151e-07
54725.500743	5.419789e-07	1.681292e-07
54726.500743	1.201679e-07	3.335660e-10
54727.500743	2.844519e-07	1.184220e-07
54728.500743	3.309804e-07	1.081683e-07
54729.500743	5.344174e-07	1.692263e-07
54730.500743	2.701785e-07	9.335625e-08
54731.500743	2.180406e-07	7.538105e-08
54732.500743	4.658015e-07	8.427162e-08
54733.500743	3.115567e-07	6.269634e-07
54734.500743	8.601850e-07	2.277385e-07
54735.500743	2.353137e-07	7.387630e-08
54736.500743	5.362797e-07	1.845335e-07
54737.500743	4.514188e-07	7.241147e-08
54738.500743	3.111286e-07	6.680290e-08
54739.500743	3.725035e-07	1.197070e-07
54740.500743	4.320935e-07	9.424896e-08
54741.500743	3.180699e-07	9.263974e-08
54742.500743	4.559967e-07	1.333197e-07
54743.500743	4.236643e-07	1.115338e-07
54744.500743	3.177554e-07	1.314432e-07
54745.500743	2.962905e-07	9.748872e-08
54746.500743	1.934209e-07	3.023059e-08
54747.500743	3.815618e-07	1.202423e-07
54748.500743	2.341462e-07	8.404341e-08
54749.500743	5.281187e-07	7.049979e-08
54750.500743	2.207679e-07	7.294956e-08
54751.500743	1.092772e-07	4.824671e-10
54752.500743	3.078310e-07	1.102094e-07
54753.500743	8.356027e-07	2.579636e-07
54754.500743	2.868521e-07	1.137224e-07
54755.500743	4.507846e-07	1.283087e-07
54756.500743	2.571234e-07	0.000000e+00
54757.500743	4.229360e-07	1.487888e-07
54758.500743	2.435477e-07	8.904428e-08
54759.500743	1.411486e-07	6.763006e-10
54760.500743	3.692889e-07	1.304980e-07
54761.500743	1.168710e-06	3.036531e-07
54762.500743	1.787028e-07	1.242174e-08
54763.500743	1.848273e-07	9.907881e-08
54764.500743	1.514071e-07	1.267141e-09
54765.500743	1.104635e-07	1.218079e-09
54766.500743	3.485376e-07	1.141025e-07
54767.500743	1.741465e-07	1.516089e-08
54768.500743	3.463406e-07	1.404311e-07
54769.500743	6.527086e-07	1.948597e-07
54770.500743	2.881106e-07	1.136052e-07
54771.500743	2.806755e-07	8.442522e-08
54772.500743	3.683116e-07	1.378004e-07
54773.500743	1.725947e-07	6.455886e-08
54774.500743	3.585869e-07	1.302794e-07
54775.500743	8.030329e-07	2.364563e-07
54776.500743	1.450110e-07	3.162673e-08
54777.500743	2.608126e-07	1.004786e-07
54778.500743	1.713685e-07	3.048903e-08
54779.500743	1.037385e-07	0.000000e+00
54780.500743	2.704048e-07	5.427796e-08
54781.500743	1.524428e-07	5.263104e-08
54782.500743	3.768863e-07	5.237245e-08
54783.500743	5.655777e-08	3.531585e-09
54784.500743	1.995494e-07	6.415856e-08
54785.500743	2.034361e-07	1.036775e-07
54786.500743	1.574080e-07	6.597006e-08
54787.500743	2.774335e-07	9.030154e-08
54788.500743	1.608705e-07	6.220841e-08
54789.500743	1.608836e-07	6.339614e-08
54790.500743	3.835249e-07	1.416120e-07
54791.500743	5.521273e-07	1.730895e-07
54792.500743	1.563306e-07	9.525568e-10
54793.500743	3.190260e-07	1.068055e-07
54794.500743	2.882231e-07	0.000000e+00
54795.500743	5.105227e-07	3.877672e-08
54796.500743	1.680034e-07	6.813346e-08
54797.500743	1.606172e-07	1.342328e-07
54798.500743	4.351652e-07	1.653412e-07
54799.500743	2.173476e-07	4.006553e-08
54800.500743	2.095426e-07	9.985761e-08
54801.500743	8.424121e-07	2.226420e-07
54802.500743	2.184939e-07	9.180099e-08
54803.500743	2.685694e-07	9.112013e-08
54804.500743	2.547922e-07	7.414517e-08
54805.500743	1.663604e-07	4.359325e-08
54806.500743	5.470540e-07	1.766777e-07
54807.500743	6.035559e-07	1.838728e-07
54808.500743	1.698385e-07	6.325505e-11
54809.500743	3.257615e-07	1.117183e-07
54810.500743	3.797459e-07	1.210707e-07
54811.500743	4.821933e-07	4.232917e-07
54812.500743	2.317511e-07	4.687868e-09
54813.500743	2.630800e-07	6.916222e-08
54814.500743	3.806442e-07	1.089907e-07
54815.500743	8.501434e-07	1.903018e-07
54816.500743	1.377745e-07	1.084307e-09
54817.500743	4.593573e-07	1.886753e-07
54818.500743	2.330065e-07	1.014925e-07
54819.500743	1.510379e-07	2.413946e-08
54820.500743	1.463133e-07	9.219240e-09
54821.500743	7.663990e-08	1.797466e-10
54822.500743	5.898244e-07	1.869792e-07
54823.500743	5.227676e-07	1.819782e-07
54824.500743	5.553249e-07	1.387481e-07
54825.500743	2.437570e-07	4.448457e-08
54826.500743	1.903165e-07	8.970839e-08
54827.500743	2.244314e-07	9.528869e-08
54828.500743	1.072984e-07	3.037869e-09
54829.500743	2.380414e-07	9.710424e-08
54830.500743	1.068442e-07	3.284722e-08
54831.500743	6.471702e-07	2.233307e-07
54832.500743	4.683403e-07	1.685431e-07
54833.500743	2.872686e-07	9.850344e-08
54834.500743	9.373888e-08	2.370330e-08
54835.500743	1.953370e-07	6.463782e-08
54836.500743	4.158215e-07	1.377961e-07
54837.500743	1.063544e-07	1.829075e-08
54838.500743	1.731830e-07	3.052047e-08
54839.500743	1.391255e-07	4.787593e-09
54840.500743	5.109774e-07	1.685492e-07
54841.500743	1.737699e-07	3.651462e-08
54842.500743	1.066210e-07	3.779281e-08
54843.500743	8.608751e-07	2.773511e-07
54844.500743	9.883294e-08	8.555903e-09
54845.500743	1.834147e-07	7.093872e-08
54846.500743	7.721176e-08	1.318441e-09
54847.500743	1.108661e-07	1.774916e-08
54848.500743	1.790465e-07	4.752074e-09
54849.500743	1.379308e-07	1.217956e-09
54850.500743	1.990093e-07	8.320888e-08
54851.500743	5.331708e-07	2.044371e-07
54852.500743	2.623373e-07	9.562950e-08
54853.500743	2.328533e-07	3.363049e-08
54854.500743	3.112373e-07	1.039151e-07
54855.500743	1.419654e-07	3.062005e-10
54856.500743	1.506709e-07	2.103113e-10
54857.500743	1.757068e-07	4.599506e-11
54858.500743	2.999272e-07	1.310024e-07
54859.500743	1.126912e-07	1.215599e-09
54860.500743	3.513690e-07	1.338318e-07
54861.500743	2.284147e-07	1.669439e-07
54862.500743	2.827962e-07	1.065744e-07
54863.500743	3.764586e-07	1.169955e-07
54864.500743	2.325519e-07	7.582529e-08
54865.500743	4.321604e-07	1.955343e-07
54866.500743	2.577744e-07	8.241169e-08
54867.500743	1.058836e-07	3.664599e-09
54868.500743	2.250537e-07	4.783180e-07
54869.500743	1.009557e-07	8.138750e-09
54870.500743	8.920425e-07	1.109393e-07
54871.500743	1.867720e-07	1.445695e-08
54872.500743	7.303585e-07	2.335299e-07
54873.500743	3.000866e-07	1.170333e-07
54874.500743	5.002888e-07	1.598924e-07
54875.500743	4.776529e-07	1.280717e-07
54876.500743	3.548573e-07	1.072149e-07
54877.500743	3.051462e-07	1.175550e-07
54878.500743	2.381236e-07	1.033545e-07
54879.500743	3.533335e-07	1.329319e-07
54880.500743	2.990218e-07	4.345794e-07
54881.500743	3.678202e-07	5.242859e-08
54882.500743	3.511186e-07	1.233081e-07
54883.500743	4.753871e-07	1.342039e-07
54884.500743	6.699668e-08	7.066270e-09
54885.500743	1.725290e-07	3.521539e-08
54886.500743	1.459258e-07	2.179248e-08
54887.500743	2.543065e-07	1.070045e-07
54888.500743	4.432663e-07	1.651827e-07
54889.500743	7.691656e-07	2.137370e-07
54890.500743	1.469042e-07	7.162539e-09
54891.500743	4.277731e-07	1.392054e-07
54892.500743	2.428970e-07	6.651650e-08
54893.500743	1.591403e-07	5.334300e-08
54894.500743	2.416767e-07	4.388565e-08
54895.500743	1.239110e-07	1.029075e-08
54896.500743	1.566568e-07	6.164435e-08
54897.500743	1.171663e-07	4.429118e-09
54898.500743	1.501388e-06	3.337936e-07
54899.500743	6.077072e-07	1.171777e-07
54900.500743	5.335398e-07	8.216330e-08
54905.500743	4.277071e-07	1.365288e-07
54906.500743	4.169269e-07	1.407307e-07
54907.500743	1.291373e-07	4.344873e-08
54908.500743	6.800670e-07	2.085223e-07
54909.500743	4.284310e-07	1.755953e-07
54910.500743	4.967239e-07	6.145812e-08
54911.500743	8.867136e-08	8.642200e-10
54912.500743	6.169629e-07	1.914026e-07
54913.500743	3.482832e-07	1.464869e-07
54914.500743	1.360110e-07	8.192425e-10
54915.500743	4.859930e-07	1.470612e-07
54916.500743	2.804653e-07	9.145732e-08
54917.500743	2.054230e-07	2.605997e-08
54918.500743	1.436781e-07	2.027994e-09
54919.500743	1.167923e-07	3.886178e-08
54920.500743	4.098958e-07	8.909994e-08
54921.500743	1.440258e-07	1.311272e-08
54922.500743	2.769327e-07	8.244560e-08
54923.500743	7.539127e-08	3.984693e-09
54924.500743	7.816512e-08	2.292617e-10
54925.500743	1.347134e-06	3.109370e-07
54926.500743	1.009712e-07	6.478893e-09
54927.500743	1.316933e-07	2.053229e-08
54928.500743	1.701576e-07	5.585340e-08
54929.500743	1.386960e-07	5.443259e-08
54930.500743	1.462571e-07	3.940175e-09
54931.500743	1.571454e-07	5.374230e-08
54932.500743	1.038991e-07	1.146910e-09
54933.500743	4.560532e-07	1.641520e-07
54934.500743	9.605092e-08	3.787590e-08
54935.500743	2.317147e-07	1.018836e-07
54936.500743	2.648709e-07	9.681457e-08
54937.500743	1.080293e-07	8.038249e-09
54938.500743	2.604528e-07	1.135588e-07
54939.500743	2.041230e-07	3.501177e-08
54940.500743	5.956579e-07	1.089959e-07
54941.500743	2.323519e-07	1.248046e-07
54942.500743	8.490159e-07	1.211296e-07
54943.500743	2.034696e-07	6.247274e-08
54944.500743	3.766527e-07	1.180479e-07
54945.500743	4.331789e-07	1.388375e-07
54946.500743	1.380582e-07	9.771209e-08
54947.500743	9.062668e-08	3.610391e-08
54948.500743	2.367701e-07	7.810011e-08
54949.500743	3.307480e-07	9.760710e-08
54950.500743	2.439743e-07	8.904715e-08
54951.500743	1.528435e-07	1.236554e-08
54952.500743	2.740829e-07	1.207594e-08
54953.500743	1.667068e-07	5.855352e-08
54954.500743	3.588951e-07	1.182252e-07
54955.500743	3.055909e-07	1.039420e-07
54956.500743	2.461571e-07	7.857766e-08
54957.500743	5.304688e-07	1.600143e-07
54959.500743	9.120954e-08	1.341815e-08
54960.500743	2.169298e-07	8.892860e-08
54961.500743	1.341695e-07	8.027384e-09
54962.500743	6.569102e-07	2.369678e-07
54963.500743	1.512850e-07	1.807794e-08
54964.500743	1.566732e-07	1.868046e-09
54965.500743	2.440906e-07	9.630273e-08
54966.500743	1.391185e-07	5.070894e-08
54967.500743	1.198575e-07	2.328202e-09
54968.500743	1.704525e-07	4.895129e-09
54969.500743	6.285023e-07	2.061960e-07
54970.500743	1.479244e-07	1.740784e-09
54971.500743	1.038548e-07	3.379571e-08
54972.500743	4.039625e-07	1.586633e-07
54973.500743	1.896619e-07	7.042048e-08
54974.500743	1.886290e-07	1.775263e-08
54975.500743	1.392463e-07	4.199860e-08
54976.500743	2.682709e-07	1.082196e-07
54977.500743	2.946650e-07	1.056658e-07
54978.500743	1.031797e-07	1.230237e-07
54979.500743	4.653778e-07	1.553752e-07
54980.500743	5.846767e-07	1.813554e-07
54981.500743	1.161533e-07	3.082402e-08
54982.500743	2.260109e-07	7.813703e-08
54983.500743	1.020642e-07	3.386286e-08
54984.500743	3.938063e-07	1.332304e-07
54985.500743	3.465700e-07	1.285642e-07
54986.500743	1.475916e-07	6.812866e-08
54987.500743	9.630620e-08	1.168479e-08
54988.500743	1.605047e-07	1.090640e-07
54989.500743	2.714956e-07	1.151805e-07
54990.500743	7.725327e-07	2.648986e-07
54991.500743	2.082039e-07	4.146578e-08
54992.500743	8.841801e-08	9.209146e-10
54993.500743	3.925282e-07	1.301571e-07
54994.500743	1.367839e-07	5.248206e-08
54995.500743	1.894258e-07	6.725352e-08
54996.500743	1.658553e-07	6.391267e-08
54997.500743	4.251878e-07	1.491766e-07
54998.500743	2.890626e-07	1.082873e-07
54999.500743	1.743273e-07	2.588769e-07
55000.500743	6.183644e-08	1.778614e-08
55001.500743	1.198316e-07	4.801372e-08
55002.500743	7.321925e-08	2.275785e-08
55003.500743	2.447223e-07	4.070292e-08
55004.500743	2.870029e-07	1.145438e-07
55005.500743	3.290566e-07	1.346784e-07
55006.500743	1.764729e-07	7.520032e-08
55007.500743	8.018006e-07	2.347796e-07
55008.500743	1.161955e-07	2.502596e-09
55009.500743	1.236514e-07	2.449368e-10
55010.500743	1.509357e-07	5.194246e-08
55011.500743	8.433705e-07	2.552939e-07
55012.500743	1.031088e-07	9.221754e-10
55013.500743	2.501730e-07	2.359994e-08
55014.500743	2.720179e-07	3.463631e-08
55015.500743	6.193299e-07	2.185603e-07
55016.500743	3.910371e-07	1.317945e-07
55017.500743	3.081468e-07	6.678236e-08
55018.500743	1.311563e-07	8.903274e-10
55019.500743	4.393064e-07	1.776263e-07
55020.500743	3.325945e-07	6.206711e-07
55021.500743	1.522754e-07	1.606414e-10
55022.500743	1.785153e-07	1.960426e-09
55023.500743	2.793337e-07	4.449142e-08
55024.500743	1.198896e-07	6.511788e-09
55025.500743	1.674721e-07	2.678681e-08
55026.500743	2.476457e-07	4.094666e-08
55027.500743	7.987624e-08	3.946198e-09
55028.500743	2.338311e-07	3.499595e-08
55029.500743	9.312147e-07	2.700033e-07
55030.500743	8.236228e-07	1.501497e-07
55031.500743	1.094936e-07	4.367953e-10
55032.500743	6.878015e-08	5.544183e-10
55033.500743	1.773359e-06	1.441078e-05
55034.500743	6.660670e-07	1.120620e-07
55035.500743	1.829939e-07	2.557665e-08
55036.500743	3.713056e-07	1.638889e-07
55037.500743	6.854646e-07	8.203483e-08
55038.500743	4.482353e-07	2.331452e-07
55039.500743	1.755979e-07	2.524244e-08
55040.500743	1.887199e-07	9.349467e-09
55041.500743	1.938345e-07	9.121432e-08
55042.500743	7.814826e-07	2.857914e-07
55043.500743	3.659957e-07	1.793633e-07
55044.500743	9.579825e-07	2.990886e-07
55045.500743	2.997608e-07	1.281835e-07
55046.500743	3.223659e-07	1.354891e-07
55047.500743	4.190504e-07	3.241891e-08
55048.500743	2.094384e-07	1.174678e-09
55049.500743	7.841202e-07	3.078520e-07
55050.500743	5.478561e-07	2.074042e-07
55051.500743	3.792794e-07	1.284069e-07
55052.500743	4.319446e-07	1.445980e-07
55053.500743	3.087617e-07	1.075445e-07
55054.500743	4.917392e-07	1.864794e-07
55055.500743	8.516201e-07	2.951820e-07
55056.500743	2.376269e-07	7.689053e-09
55057.500743	7.939157e-07	2.813736e-07
55058.500743	7.378836e-08	7.210542e-11
55059.500743	2.025712e-07	6.284098e-08
55060.500743	2.157495e-07	1.431936e-07
55061.500743	1.620352e-07	3.036009e-09
55062.500743	2.723119e-07	2.509514e-07
55063.500743	2.194588e-07	8.075499e-08
55064.500743	1.280813e-06	3.251700e-07
55065.500743	8.659398e-07	1.116759e-07
55066.500743	3.537977e-07	1.257215e-07
55067.500743	5.998687e-07	2.205712e-07
55068.500743	3.995774e-07	3.583877e-09
55069.500743	2.303172e-07	1.255959e-09
55070.500743	2.070268e-07	2.791663e-08
55071.500743	1.946241e-07	2.589839e-08
55072.500743	1.829978e-07	2.876666e-08
55073.500743	4.936155e-07	1.811993e-07
55074.500743	2.382439e-07	9.936375e-08
55075.500743	6.969622e-07	1.137289e-07
55076.500743	2.665967e-07	7.461345e-08
55077.500743	3.328558e-07	1.002795e-06
55078.500743	2.298899e-07	1.787654e-08
55079.500743	1.073062e-07	1.833539e-08
55080.500743	4.672206e-07	2.478515e-07
55081.500743	3.565143e-07	1.516097e-07
55082.500743	1.582187e-07	5.270280e-10
55083.500743	4.563597e-07	2.481039e-07
55084.500743	4.557034e-07	7.570736e-08
55085.500743	5.563759e-07	1.262154e-07
55086.500743	8.317309e-07	1.307508e-07
55087.500743	5.097613e-07	1.693599e-07
55088.500743	4.213290e-07	6.111870e-08
55089.500743	1.858630e-06	6.290362e-07
55090.500743	1.382356e-06	2.523233e-07
55091.500743	2.976174e-06	7.147902e-07
55092.500743	9.113254e-07	1.972026e-07
55093.500743	6.766333e-07	2.552727e-07
55094.500743	3.068710e-07	1.086441e-10
55095.500743	2.489463e-07	2.316741e-08
55096.500743	1.259273e-07	3.166715e-09
55097.500743	6.384204e-07	1.379961e-07
55098.500743	1.640817e-06	5.764256e-07
55099.500743	3.497967e-07	6.483974e-09
55100.500743	1.123510e-06	3.294675e-07
55101.500743	4.134207e-07	1.351529e-07
55102.500743	2.104186e-07	1.404362e-08
55103.500743	1.721881e-07	2.288364e-08
55105.500743	1.061511e-06	3.279956e-07
55106.500743	2.519352e-07	8.792833e-08
55107.500743	6.802962e-07	2.308257e-07
55108.500743	2.878115e-07	7.239574e-09
55109.500743	1.220728e-06	3.831406e-07
55110.500743	7.007977e-07	1.231286e-07
55111.500743	4.338893e-07	7.627660e-08
55112.500743	8.608611e-07	1.187840e-07
55113.500743	6.610032e-07	1.256844e-07
55114.500743	1.663093e-07	9.522961e-10
55115.500743	7.994535e-07	1.772871e-07
55116.500743	1.183306e-06	2.914524e-07
55117.500743	7.123836e-07	1.412371e-07
55118.500743	7.746154e-07	1.286259e-07
55119.500743	5.338278e-07	1.713496e-07
55120.500743	6.670036e-07	2.092149e-07
55121.500743	2.370606e-07	8.745396e-08
55122.500743	4.701497e-07	1.870119e-07
55123.500743	1.380890e-07	5.221296e-08
55124.500743	4.250881e-07	1.534056e-07
55125.500743	5.710742e-07	2.156995e-07
55126.500743	1.072642e-06	2.780542e-07
55127.500743	6.869693e-07	2.898185e-07
55128.500743	7.352583e-07	1.977377e-07
55129.500743	6.181548e-07	2.564082e-07
55130.500743	6.289632e-07	1.565865e-07
55131.500743	1.829662e-07	1.093294e-09
55132.500743	5.555356e-07	1.359118e-07
55133.500743	6.848971e-07	2.231366e-07
55134.500743	7.131701e-07	3.173899e-07
55135.500743	3.968859e-07	1.079712e-07
55136.500743	2.310067e-07	1.528951e-08
55137.500743	1.686587e-07	2.345179e-10
55138.500743	9.530493e-08	2.725464e-12
55139.500743	4.920002e-07	6.308147e-08
55140.500743	3.878082e-07	5.846885e-08
55141.500743	7.263793e-07	2.183162e-07
55142.500743	1.436463e-06	4.512566e-07
55143.500743	1.389668e-07	1.438248e-11
55144.500743	1.009650e-06	1.403505e-07
55145.500743	3.895028e-07	1.444537e-07
55146.500743	3.005930e-07	3.981860e-09
55147.500743	9.841807e-07	6.615382e-08
55148.500743	3.453592e-07	3.782173e-08
55149.500743	8.175917e-07	1.916381e-07
55150.500743	7.477374e-07	1.076110e-07
55151.500743	2.474759e-07	5.528196e-09
55152.500743	4.428102e-07	1.878245e-07
55153.500743	3.293475e-07	2.490979e-11
55154.500743	1.216931e-07	1.902294e-08
55155.500743	2.543163e-07	9.805237e-08
55156.500743	1.882822e-07	9.042947e-09
55157.500743	1.435709e-07	5.097517e-08
55158.500743	1.870526e-07	3.211092e-08
55159.500743	1.681388e-06	2.389390e-07
55160.500743	2.691606e-07	2.563369e-08
55161.500743	2.715223e-07	4.246866e-10
55162.500743	1.281325e-06	2.143040e-07
55163.500743	3.541329e-07	1.919776e-09
55164.500743	6.234037e-07	1.336224e-07
55165.500743	3.703323e-07	7.161092e-08
55166.500743	1.029288e-07	4.817226e-12
55167.500743	3.256011e-07	1.086385e-07
55168.500743	3.765373e-07	6.815658e-08
55169.500743	3.974114e-07	1.537749e-07
55170.500743	2.231006e-07	3.006817e-08
55171.500743	3.588429e-07	6.262137e-08
55172.500743	3.233945e-07	1.107171e-07
55173.500743	4.449423e-07	1.625609e-07
55174.500743	7.169874e-07	3.059342e-07
55175.500743	1.581053e-07	2.167106e-10
55176.500743	3.939095e-07	1.169567e-07
55177.500743	1.148650e-07	2.324234e-08
55178.500743	2.189982e-07	4.225631e-10
55179.500743	6.280024e-07	9.151302e-08
55180.500743	1.043393e-06	2.047550e-07
55181.500743	4.547568e-07	1.124696e-07
55182.500743	6.014971e-07	1.893581e-07
55183.500743	2.357170e-07	4.098464e-08
55184.500743	1.547844e-07	1.077533e-10
55185.500743	1.636417e-07	8.356472e-11
55186.500743	2.529529e-07	4.572594e-07
55187.500743	1.089490e-07	1.062708e-11
55188.500743	8.413086e-07	3.016629e-07
55189.500743	1.343141e-07	1.565607e-11
55190.500743	4.320786e-07	8.576768e-08
55191.500743	1.486226e-07	2.487287e-10
55192.500743	2.586646e-07	5.974403e-09
55193.500743	1.248792e-07	3.292225e-08
55194.500743	6.954940e-07	8.520391e-08
55195.500743	7.931822e-07	3.850479e-07
55196.500743	7.216782e-07	1.451607e-07
55197.500743	9.040075e-07	1.860925e-07
55198.500743	1.832561e-06	2.573557e-07
55199.500743	6.708748e-08	2.498820e-11
55200.500743	1.252409e-07	1.303191e-08
55201.500743	3.164329e-07	1.265708e-07
55202.500743	6.397261e-07	2.724584e-07
55203.500743	2.418741e-07	9.894893e-08
55204.500743	1.599799e-07	1.917140e-10
55205.500743	1.343264e-06	1.239181e-07
55206.500743	2.103717e-07	9.911513e-07
55207.500743	2.772753e-07	9.439971e-10
55208.500743	1.823118e-07	4.480755e-11
55209.500743	1.088705e-07	9.412481e-09
55210.500743	2.337110e-07	7.978890e-10
55211.500743	1.338416e-06	4.122917e-07
55212.500743	1.632836e-07	2.127329e-08
55213.500743	2.817052e-07	1.078680e-07
55214.500743	8.598996e-08	5.488456e-10
55215.500743	1.856914e-07	3.409141e-09
55216.500743	3.768480e-07	1.374284e-07
55217.500743	5.366099e-07	2.180750e-07
55218.500743	2.026029e-07	2.084985e-08
55219.500743	1.246441e-07	1.099405e-10
55220.500743	2.499756e-07	1.900880e-08
55221.500743	2.244758e-07	7.512758e-08
55222.500743	1.080798e-07	3.632047e-11
55223.500743	6.356540e-07	1.925969e-07
55224.500743	1.070668e-06	2.239633e-07
55225.500743	3.618747e-07	4.633895e-08
55226.500743	5.808790e-07	9.696996e-08
55227.500743	4.766961e-07	1.505935e-07
55228.500743	1.269619e-07	4.374599e-11
55229.500743	1.558965e-07	5.152830e-08
55230.500743	4.317752e-07	1.661325e-07
55231.500743	3.492387e-07	5.424991e-08
55232.500743	3.828033e-07	1.241048e-07
55233.500743	3.710735e-07	1.296526e-07
55234.500743	3.857960e-07	5.420267e-08
55235.500743	1.507042e-07	4.273052e-08
55236.500743	4.032810e-07	5.143003e-08
55237.500743	3.697043e-07	1.282418e-07
55238.500743	2.730063e-07	1.670276e-09
55239.500743	1.782821e-07	8.691867e-10
55240.500743	2.900394e-07	2.687904e-07
55241.500743	5.289072e-07	8.325203e-08
55242.500743	3.357198e-07	4.711760e-08
55243.500743	5.356999e-07	5.707076e-08
55244.500743	1.136002e-07	1.455772e-08
55245.500743	2.394010e-07	3.033399e-09
55246.500743	2.988283e-07	3.459905e-08
55247.500743	9.519998e-07	1.266099e-07
55248.500743	5.801751e-07	9.763202e-08
55249.500743	3.142682e-07	1.265477e-07
55250.500743	1.249822e-06	1.712626e-07
55251.500743	1.157218e-06	4.005510e-07
55252.500743	1.190900e-07	1.800565e-09
55253.500743	1.943632e-06	2.955913e-07
55254.500743	6.895687e-07	9.451048e-08
55255.500743	6.094369e-07	2.532731e-07
55256.500743	3.072221e-07	5.303975e-09
55257.500743	3.770718e-07	1.492443e-07
55258.500743	2.460992e-07	2.857605e-08
55259.500743	8.271215e-07	3.739827e-07
55260.500743	1.879671e-07	5.813580e-10
55261.500743	3.095966e-07	7.428631e-08
55262.500743	4.178366e-07	2.011321e-07
55263.500743	2.017557e-06	2.914787e-07
55264.500743	1.102873e-06	1.351478e-07
55265.500743	8.789954e-07	3.284759e-07
55266.500743	2.127706e-07	5.601495e-10
55267.500743	5.724493e-07	2.301230e-07
55268.500743	2.570347e-07	1.741997e-09
55269.500743	5.346226e-07	1.961906e-07
55270.500743	4.527710e-07	1.594075e-07
55271.500743	2.281817e-07	4.077091e-08
55272.500743	1.460154e-07	2.680353e-08
55273.500743	5.022890e-07	7.496152e-08
55274.500743	1.401089e-07	1.156634e-09
55275.500743	1.134294e-06	3.455022e-07
55276.500743	1.681073e-07	5.495449e-10
55277.500743	9.877617e-07	3.129761e-07
55278.500743	4.538460e-07	1.739424e-07
55279.500743	1.621623e-07	4.910422e-09
55280.500743	1.655221e-07	3.563522e-12
55281.500743	2.888001e-07	4.356054e-08
55282.500743	4.467736e-08	9.271213e-12
55283.500743	1.280550e-07	4.158699e-08
55284.500743	3.795586e-07	1.287989e-07
55285.500743	4.388741e-07	1.087014e-07
55286.500743	7.959670e-07	2.680605e-07
55287.500743	1.505188e-07	1.341543e-10
55288.500743	2.483981e-07	1.052248e-08
55289.500743	1.668664e-07	1.271277e-11
55290.500743	2.775395e-07	1.099370e-07
55291.500743	3.603391e-07	1.323959e-07
55292.500743	2.134432e-07	8.500182e-08
55293.500743	5.084832e-07	8.850444e-08
55294.500743	1.810566e-07	3.788154e-10
55295.500743	5.986042e-07	2.263193e-07
55296.500743	9.199397e-07	1.280091e-07
55297.500743	3.602072e-07	1.020916e-07
55298.500743	1.335724e-07	3.835030e-11
55299.500743	2.780612e-07	4.054255e-08
55300.500743	2.899145e-07	3.893851e-08
55301.500743	1.631519e-07	1.521832e-10
55302.500743	2.619516e-07	3.638093e-08
55303.500743	1.718772e-07	7.706913e-11
55304.500743	1.674464e-07	5.516437e-12
55305.500743	3.666104e-07	1.999362e-08
55306.500743	1.372039e-07	2.867159e-08
55307.500743	2.891306e-07	4.173524e-08
55308.500743	1.661960e-07	1.296899e-10
55309.500743	2.985661e-07	4.727141e-08
55310.500743	1.322793e-07	1.778182e-08
55311.500743	2.785453e-07	1.312999e-07
55312.500743	1.092951e-07	3.183794e-08
55313.500743	4.605559e-07	1.944917e-07
55314.500743	8.292397e-07	9.475535e-08
55315.500743	6.101326e-07	2.135904e-07
55316.500743	1.831585e-07	1.409049e-08
55317.500743	6.739467e-07	1.540639e-07
55318.500743	2.084753e-07	5.026968e-08
55319.500743	9.196183e-07	2.965220e-07
55320.500743	5.303219e-07	2.029218e-07
55321.500743	3.115402e-07	1.103527e-08
55322.500743	2.695103e-07	4.564207e-08
55323.500743	5.149866e-07	8.503723e-08
55324.500743	6.506967e-07	8.170364e-08
55325.500743	2.033172e-07	7.093135e-08
55326.500743	2.059890e-07	5.312441e-11
55327.500743	6.175942e-07	2.056242e-07
55328.500743	1.298933e-07	2.652009e-08
55329.500743	1.074575e-06	1.542885e-07
55330.500743	1.834429e-07	4.052778e-08
55331.500743	4.378100e-07	8.259155e-08
55332.500743	7.493957e-07	1.737918e-07
55333.500743	1.024487e-07	2.597596e-11
55334.500743	2.492550e-07	3.763598e-08
55335.500743	5.333923e-07	1.809089e-07
55336.500743	3.506402e-07	1.154604e-07
55337.500743	3.261167e-07	1.224899e-07
55338.500743	9.071449e-07	2.896343e-07
55339.500743	5.153563e-07	9.030137e-08
55340.500743	2.973439e-07	6.314473e-08
55341.500743	3.200506e-07	1.002853e-07
55342.500743	1.908866e-07	7.343313e-10
55343.500743	1.659699e-07	5.887087e-08
55344.500743	3.120965e-07	8.791732e-09
55345.500743	3.093292e-07	6.031519e-08
55346.500743	1.901233e-07	1.502290e-09
55347.500743	2.706379e-07	1.030353e-07
55348.500743	2.800115e-07	5.629109e-08
55349.500743	1.501219e-07	1.792506e-08
55350.500743	1.461622e-07	2.065585e-08
55351.500743	1.208290e-07	8.722114e-10
55352.500743	1.678261e-07	5.206876e-08
55353.500743	5.110957e-07	1.423121e-07
55354.500743	5.426031e-07	2.054493e-07
55355.500743	9.682767e-07	1.806356e-07
55356.500743	1.871352e-07	5.213689e-08
55357.500743	2.526791e-07	9.565277e-09
55358.500743	1.693679e-07	4.629267e-11
55359.500743	1.252590e-07	1.412509e-10
55360.500743	1.687983e-07	5.352712e-11
55361.500743	2.049110e-07	1.531322e-08
55362.500743	2.209542e-06	5.259057e-07
55363.500743	1.511633e-07	3.936461e-10
55364.500743	5.584012e-07	7.949120e-08
55365.500743	1.260017e-07	4.443881e-11
55366.500743	2.623059e-07	4.871106e-08
55367.500743	1.391520e-07	5.077343e-08
55368.500743	1.809047e-07	4.950683e-09
55369.500743	2.227056e-07	8.034553e-08
55370.500743	1.723163e-07	6.199272e-12
55371.500743	4.101759e-07	1.704537e-07
55372.500743	8.016506e-07	1.040820e-07
55373.500743	8.077116e-07	1.722305e-07
55374.500743	1.480355e-07	4.398842e-10
55375.500743	8.922169e-07	1.271427e-07
55376.500743	2.183938e-07	2.524358e-09
55377.500743	8.286639e-07	2.904711e-07
55378.500743	5.839974e-08	9.916995e-12
55379.500743	1.667993e-07	3.153769e-11
55380.500743	1.696669e-07	2.149452e-08
55381.500743	7.584373e-07	6.166283e-08
55382.500743	2.303097e-07	3.480340e-08
55383.500743	1.780691e-07	2.220500e-08
55384.500743	9.782797e-07	3.143454e-07
55385.500743	7.584018e-07	2.756950e-07
55386.500743	2.523997e-07	1.138333e-07
55387.500743	1.307575e-07	9.534346e-11
55388.500743	6.074654e-07	6.509408e-08
55389.500743	1.065233e-07	1.003174e-11
55390.500743	2.052272e-06	2.143410e-07
55391.500743	9.817209e-08	7.943801e-11
55392.500743	1.559207e-07	2.509493e-11
55393.500743	2.140781e-07	1.161396e-08
55394.500743	1.015752e-06	1.938158e-07
55395.500743	1.720246e-07	1.022477e-10
55396.500743	1.490461e-07	5.325894e-09
55397.500743	1.437718e-07	5.875769e-09
55398.500743	1.895956e-07	4.292063e-09
55399.500743	7.712447e-07	1.090055e-07
55400.500743	5.895847e-07	2.300180e-07
55401.500743	1.794998e-07	6.127857e-08
55402.500743	5.152968e-07	6.401421e-08
55403.500743	7.288778e-07	1.188179e-07
55404.500743	9.586519e-07	3.133048e-07
55405.500743	1.974882e-07	8.293218e-08
55406.500743	9.783640e-07	1.323918e-07
55407.500743	1.108472e-06	1.860509e-07
55408.500743	1.967342e-06	6.145807e-07
55409.500743	1.684282e-06	5.053831e-07
55410.500743	1.272057e-06	2.077289e-07
55411.500743	5.545061e-07	2.001887e-07
55412.500743	5.692634e-07	2.388379e-07
55413.500743	1.323748e-06	1.277290e-07
55414.500743	4.981148e-07	3.601600e-07
55415.500743	3.957390e-07	5.969526e-08
55416.500743	1.000697e-06	1.289173e-07
55417.500743	6.279669e-07	9.183531e-08
55418.500743	1.865645e-07	3.145555e-10
55419.500743	1.328680e-06	2.452065e-07
55420.500743	1.583470e-06	5.304177e-07
55421.500743	3.460009e-07	2.100898e-07
55422.500743	2.830881e-07	1.605600e-08
55423.500743	6.046637e-07	9.787118e-08
55424.500743	1.437906e-06	5.863125e-07
55425.500743	4.257687e-07	4.936564e-08
55426.500743	7.365485e-07	8.033647e-08
55427.500743	2.426103e-07	2.878463e-08
55428.500743	3.503205e-07	1.205260e-07
55429.500743	3.279724e-07	2.531769e-08
55430.500743	6.224271e-08	1.279718e-11
55431.500743	1.184083e-07	5.925212e-11
55432.500743	2.252428e-07	4.526993e-08
55433.500743	1.028638e-06	1.352642e-07
55434.500743	2.679232e-07	4.849731e-09
55435.500743	1.685317e-07	2.879375e-11
55436.500743	1.917941e-07	3.445552e-08
55437.500743	1.770394e-07	5.916804e-10
55438.500743	3.031887e-07	1.054981e-07
55439.500743	4.323679e-07	4.187391e-08
55440.500743	2.493251e-07	1.069390e-07
55441.500743	1.091886e-06	3.086971e-07
55442.500743	1.174081e-06	9.610630e-08
55443.500743	1.825146e-07	2.809798e-08
55444.500743	2.496322e-07	3.215149e-08
55445.500743	2.931156e-07	4.230247e-08
55446.500743	4.286152e-07	1.601986e-07
55447.500743	6.244702e-07	2.120734e-07
55448.500743	2.274620e-07	5.943381e-08
55449.500743	7.640309e-07	9.783052e-08
55450.500743	4.880033e-07	1.316018e-07
55451.500743	3.410892e-07	1.223718e-07
55452.500743	1.952814e-07	3.042020e-08
55453.500743	9.154424e-07	1.320380e-07
55454.500743	2.326423e-07	6.475414e-09
55592.500743	6.060327e-07	2.564788e-07
55596.500743	3.071283e-07	1.538061e-07
55614.500743	8.832473e-07	1.199175e-07
55615.500743	1.371664e-07	6.100141e-11
55616.500743	1.571715e-07	8.131329e-11
55617.500743	6.437836e-07	1.390021e-07
55618.500743	1.528993e-06	2.239500e-07
55619.500743	5.769595e-07	1.087231e-07
55620.500743	8.598248e-07	1.000821e-07
55621.500743	1.487325e-07	9.285427e-11
55622.500743	1.483759e-07	1.953343e-10
55623.500743	1.738577e-07	4.874086e-09
55624.500743	6.093136e-07	2.878974e-07
55625.500743	1.954190e-07	1.177536e-09
55626.500743	2.480279e-07	4.851852e-08
55627.500743	1.902071e-06	1.987251e-07
55628.500743	5.796784e-07	1.609938e-07
55629.500743	5.661145e-07	2.500443e-07
55630.500743	1.162739e-07	4.336500e-08
55631.500743	2.686781e-07	1.042428e-07
55632.500743	9.516742e-07	2.113647e-07
55633.500743	2.672767e-07	7.898219e-09
55634.500743	1.012330e-07	3.798872e-10
55635.500743	1.734602e-07	7.541351e-10
55636.500743	3.216325e-07	1.308308e-07
55637.500743	1.383934e-07	1.629029e-10
55638.500743	8.704122e-07	1.100576e-07
55639.500743	1.031280e-06	1.842668e-07
55640.500743	1.210009e-07	2.939012e-10
55641.500743	1.073758e-06	1.501886e-07
55642.500743	1.914206e-07	2.969229e-08
55643.500743	9.546334e-07	3.182240e-07
55644.500743	1.404854e-06	3.910847e-07
55645.500743	3.398604e-07	7.813060e-09
55646.500743	2.938613e-07	2.395665e-09
55647.500743	2.805029e-07	4.013037e-10
55648.500743	2.000163e-07	5.621633e-12
55649.500743	4.013662e-07	9.447637e-08
55650.500743	1.191870e-07	1.872292e-11
55651.500743	8.517841e-07	1.185874e-07
55652.500743	1.991851e-07	6.235950e-09
55653.500743	4.626529e-07	6.105165e-08
55654.500743	2.588230e-07	7.760201e-08
55655.500743	4.543700e-07	1.691347e-07
55656.500743	9.258231e-07	1.007302e-07
55657.500743	1.409643e-07	7.337060e-10
55658.500743	8.061287e-07	2.776919e-07
55659.500743	9.761452e-08	1.270747e-11
55660.500743	2.454077e-07	4.069837e-08
55661.500743	2.833821e-07	5.013167e-08
55662.500743	8.055080e-07	1.270000e-07
55663.500743	1.036055e-07	2.710672e-11
55664.500743	1.668117e-07	8.799747e-09
55665.500743	2.509667e-07	3.055155e-08
55666.500743	5.507380e-07	1.929324e-07
55667.500743	1.121195e-07	3.921782e-08
55668.500743	4.352639e-08	2.446867e-12
55669.500743	4.862260e-07	8.173594e-08
55670.500743	7.446357e-08	2.029914e-08
55671.500743	1.980277e-07	1.127333e-10
55672.500743	4.527959e-07	1.487352e-07
55673.500743	8.246763e-07	8.162744e-08
55674.500743	2.976158e-07	2.469035e-08
55675.500743	7.734125e-08	1.273281e-12
55676.500743	6.149446e-07	1.306398e-07
55677.500743	1.387254e-07	5.512180e-11
55678.500743	3.580173e-07	4.564388e-08
55679.500743	5.297298e-07	3.874320e-08
55680.500743	1.694877e-07	4.800441e-11
55681.500743	2.388275e-07	3.897991e-08
55682.500743	2.463631e-07	8.135086e-10
55683.500743	6.907075e-07	8.596507e-08
55684.500743	5.114356e-07	1.998144e-07
55685.500743	2.594564e-07	8.504085e-08
55686.500743	8.438133e-07	1.005475e-07
55687.500743	8.543288e-07	1.371448e-07
55688.500743	6.345502e-07	1.576878e-09
55689.500743	3.882188e-07	5.683077e-08
55690.500743	1.472296e-06	5.723286e-07
55691.500743	8.172595e-07	3.207467e-07
55692.500743	3.524746e-07	6.794402e-08
55693.500743	2.137192e-07	1.917419e-10
55694.500743	1.373457e-06	4.126756e-07
55695.500743	4.845135e-07	2.071832e-07
55696.500743	8.121693e-07	2.585193e-07
55697.500743	7.912769e-08	5.940119e-12
55698.500743	1.657492e-07	5.628556e-08
55699.500743	8.890106e-07	2.706998e-07
55700.500743	1.716983e-07	4.842221e-09
55701.500743	2.036488e-07	6.373550e-08
55702.500743	1.977361e-07	6.013918e-08
55703.500743	2.010644e-07	1.970857e-08
55704.500743	9.657781e-07	1.097952e-07
55705.500743	2.397828e-07	3.798678e-08
55706.500743	1.415989e-07	1.052699e-11
55707.500743	4.463584e-07	1.840144e-07
55708.500743	3.723115e-07	2.854412e-08
55709.500743	1.224839e-07	1.373943e-11
55710.500743	3.426526e-07	1.367940e-07
55711.500743	5.092965e-07	7.196258e-08
55712.500743	1.245506e-07	2.375933e-08
55713.500743	2.380876e-07	5.966892e-08
55714.500743	3.694789e-07	1.179331e-07
55715.500743	4.453963e-07	4.355511e-08
55716.500743	2.039760e-07	1.986097e-10
55717.500743	6.986864e-07	1.030474e-07
55718.500743	8.681371e-07	1.063303e-07
55719.500743	4.443652e-07	1.012700e-07
55720.500743	1.561610e-07	2.059588e-09
55721.500743	2.774445e-07	2.980233e-08
55722.500743	1.122669e-06	1.308356e-07
55723.500743	8.379579e-07	2.578344e-07
55724.500743	8.260992e-07	1.184863e-07
55725.500743	1.638674e-07	3.759356e-09
55726.500743	6.261132e-07	1.069823e-07
55727.500743	7.768402e-07	1.020703e-07
55728.500743	8.834783e-07	2.836949e-07
55729.500743	5.811684e-07	2.003274e-07
55730.500743	9.793515e-07	1.141610e-07
55731.500743	1.479376e-06	1.505179e-07
55732.500743	8.824063e-07	1.098220e-07
55733.500743	1.898016e-07	1.184239e-09
55734.500743	4.553437e-07	1.640996e-07
55735.500743	3.172651e-07	1.504564e-08
55736.500743	3.857896e-07	1.757833e-07
55737.500743	4.087176e-07	3.631221e-08
55738.500743	1.144804e-07	3.218750e-12
55739.500743	1.821631e-07	2.581182e-08
55740.500743	1.880893e-07	1.548590e-09
55741.500743	9.871047e-07	1.115236e-07
55742.500743	1.224615e-06	1.376395e-07
55743.500743	1.655405e-07	2.307189e-12
55744.500743	7.024181e-07	1.655583e-07
55745.500743	9.260933e-07	3.150124e-07
55746.500743	7.544643e-07	2.671898e-07
55747.500743	4.464806e-08	3.739801e-12
55748.500743	1.827597e-07	2.761635e-11
55749.500743	2.053820e-07	2.232763e-10
55750.500743	5.920431e-08	1.244099e-10
55751.500743	4.082894e-07	1.657764e-09
55752.500743	2.661868e-07	5.098376e-08
55753.500743	7.179430e-07	2.607511e-07
55774.500743	4.597015e-07	1.586833e-07
55775.500743	1.572410e-07	1.675838e-08
55776.500743	4.407989e-07	1.051884e-07
55777.500743	8.876922e-07	3.591136e-07
55778.500743	5.723682e-07	2.157206e-07
55779.500743	1.949853e-07	8.522552e-08
55780.500743	6.957088e-07	2.108780e-07
55781.500743	1.681076e-07	1.948180e-08
55782.500743	2.355960e-07	5.352720e-09
55783.500743	3.675491e-07	1.328661e-07
55784.500743	2.049931e-07	7.736296e-08
55785.500743	3.569404e-07	3.403121e-08
55786.500743	6.630900e-07	6.799674e-08
55787.500743	1.199879e-07	1.377815e-09
55788.500743	8.852253e-07	2.598905e-07
55789.500743	9.628841e-07	2.631092e-07
55790.500743	3.307407e-07	1.071717e-08
55791.500743	4.452778e-07	1.527647e-07
55792.500743	4.736170e-07	1.804270e-07
55793.500743	7.652540e-07	2.707359e-07
55794.500743	4.545800e-07	6.538917e-08
55795.500743	4.147254e-07	1.388621e-07
55796.500743	3.003843e-07	3.483563e-08
55797.500743	7.250217e-07	2.263765e-07
55798.500743	4.292242e-07	5.947079e-08
55799.500743	1.793587e-07	3.324411e-08
55800.500743	4.528521e-08	9.726607e-12
55801.500743	1.840575e-07	6.753002e-08
55802.500743	8.604188e-08	3.499448e-10
55803.500743	5.656201e-07	1.983849e-07
55804.500743	2.411853e-07	8.120837e-08
55805.500743	1.835749e-07	5.192215e-10
55806.500743	4.193670e-07	3.856096e-08
55807.500743	5.791090e-07	8.564125e-08
55808.500743	7.098383e-07	2.067889e-07
55809.500743	3.439458e-07	6.929098e-08
55810.500743	4.991949e-07	1.458462e-07
55811.500743	3.515905e-07	1.430134e-07
55812.500743	3.863107e-07	3.162599e-08
55813.500743	2.843324e-07	5.793511e-09
55814.500743	2.134991e-07	8.833857e-08
55815.500743	6.153323e-07	1.947364e-07
55816.500743	3.286535e-07	4.074095e-08
55817.500743	4.287899e-07	4.648011e-08
55818.500743	1.904640e-07	3.955803e-07
55819.500743	4.138481e-07	1.432027e-07
55820.500743	4.658936e-07	1.855300e-07
55821.500743	3.678751e-07	1.214125e-07
55822.500743	3.443070e-07	4.154355e-08
55823.500743	6.047630e-07	2.145786e-07
55824.500743	5.264468e-07	1.752218e-07
55825.500743	5.493549e-07	8.639597e-08
55826.500743	7.046158e-07	1.948614e-07
55827.500743	2.063666e-07	6.795824e-08
55828.500743	3.978718e-07	7.103768e-08
55829.500743	5.189551e-07	8.181392e-08
55830.500743	5.908240e-07	1.421139e-07
55831.500743	3.892421e-07	1.324371e-07
55832.500743	6.231686e-07	3.356962e-08
55833.500743	4.014842e-07	1.649219e-07
55834.500743	6.265367e-07	1.922549e-07
55835.500743	6.039317e-07	1.888979e-07
55836.500743	2.074221e-07	3.289301e-08
55837.500743	9.828500e-07	1.589701e-08
55838.500743	5.238363e-07	4.407144e-08
55839.500743	6.229366e-07	1.879893e-07
55840.500743	5.743979e-07	1.702415e-07
55841.500743	8.146274e-07	1.902239e-07
55842.500743	6.241963e-07	6.629036e-08
55843.500743	6.275678e-07	6.323148e-08
55844.500743	1.028325e-06	6.149370e-08
55845.500743	4.066809e-07	6.318641e-08
55846.500743	3.839363e-07	1.152055e-07
55847.500743	4.116214e-07	1.641055e-07
55848.500743	9.135630e-07	8.980721e-08
55849.500743	1.966258e-07	3.548860e-08
55850.500743	4.549545e-07	1.690186e-07
55851.500743	2.346680e-07	3.951799e-11
55852.500743	8.198387e-07	1.185730e-07
55853.500743	4.372104e-07	1.367675e-07
55854.500743	4.930702e-07	5.945594e-08
55856.500743	2.708640e-07	4.694836e-08
55857.500743	7.398466e-07	2.029199e-07
55858.500743	7.470923e-07	1.915147e-07
55859.500743	6.191767e-07	6.175438e-08
55860.500743	4.712681e-07	7.923039e-08
55861.500743	3.460680e-07	1.139871e-07
55862.500743	4.445851e-07	6.321480e-08
55863.500743	6.924568e-07	2.017498e-07
55864.500743	6.777482e-07	7.237040e-08
55865.500743	1.063070e-06	2.239676e-07
55866.500743	9.865951e-07	1.085560e-07
55867.500743	8.570868e-07	8.385613e-08
55868.500743	1.217408e-06	1.727935e-08
55869.500743	1.531708e-06	2.038360e-07
55870.500743	8.988101e-07	9.855931e-08
55871.500743	4.707732e-07	1.250437e-07
55872.500743	1.002182e-06	1.144969e-07
55873.500743	7.039108e-07	5.540133e-08
55874.500743	8.214818e-07	2.333905e-07
55875.500743	8.857738e-07	2.382283e-07
55876.500743	4.319732e-07	1.789849e-07
55877.500743	5.440531e-07	4.792283e-08
55878.500743	8.078113e-07	7.626351e-08
55879.500743	5.178604e-07	6.462537e-08
55880.500743	5.336272e-07	1.652898e-07
55881.500743	1.944764e-07	6.963893e-08
55882.500743	4.457200e-07	1.496057e-07
55883.500743	3.315712e-07	4.084620e-08
55884.500743	4.923495e-07	1.095797e-08
55885.500743	3.765633e-07	6.865725e-08
55886.500743	7.834648e-07	8.925240e-08
55887.500743	4.320327e-07	1.343852e-07
55888.500743	7.313688e-07	6.541212e-08
55889.500743	6.585834e-07	8.563980e-08
55890.500743	8.085402e-07	7.001037e-08
55891.500743	1.668678e-07	4.084612e-08
55892.500743	2.029485e-07	2.087574e-08
55893.500743	6.743632e-07	8.957720e-08
55894.500743	1.039879e-06	2.930580e-07
55895.500743	9.231314e-07	9.168786e-08
55896.500743	5.545309e-07	1.452030e-07
55897.500743	5.739811e-07	1.853434e-07
55898.500743	5.829842e-07	1.187897e-07
55899.500743	7.030372e-07	8.379840e-08
55900.500743	1.882761e-07	2.955499e-08
55901.500743	1.479669e-07	1.961158e-08
55902.500743	6.526913e-07	6.967738e-08
55903.500743	1.070753e-07	8.183890e-12
55904.500743	1.547551e-07	2.187287e-09
55905.500743	1.398727e-07	5.102030e-08
55906.500743	6.544931e-07	3.181658e-07
55907.500743	1.565030e-07	2.231427e-10
55908.500743	4.873968e-07	1.499084e-07
55909.500743	4.025219e-07	7.858465e-08
55910.500743	8.941853e-07	2.377346e-07
55911.500743	2.611527e-07	1.199799e-08
55912.500743	6.764204e-07	1.605146e-08
55913.500743	7.652766e-08	7.169055e-11
55914.500743	2.323704e-07	9.545733e-09
55915.500743	3.409366e-07	1.048393e-07
55916.500743	4.470641e-07	1.279970e-07
55917.500743	3.052407e-07	4.825893e-08
55918.500743	9.042003e-08	7.497700e-10
55919.500743	1.487178e-07	8.142941e-09
55920.500743	2.384585e-07	6.726071e-09
55921.500743	1.945440e-07	8.684917e-11
55922.500743	3.802274e-07	8.108098e-08
55923.500743	1.297950e-07	3.216365e-09
55924.500743	6.207400e-07	9.071345e-08
55925.500743	3.948032e-07	4.471366e-08
55926.500743	5.443228e-07	1.688991e-07
55927.500743	1.506082e-07	5.288983e-10
55928.500743	1.319948e-07	3.203501e-09
55929.500743	6.239557e-07	1.581506e-07
55930.500743	3.608193e-07	1.287856e-07
55931.500743	2.168088e-07	4.978992e-09
55932.500743	2.205434e-07	9.081629e-08
55933.500743	5.560813e-07	8.305589e-08
55934.500743	1.736650e-07	6.228155e-10
55935.500743	4.070453e-07	1.171839e-07
55936.500743	2.535536e-07	8.902720e-08
55937.500743	2.312464e-07	7.315123e-08
55938.500743	2.223208e-07	9.148946e-08
55939.500743	6.822547e-08	2.644530e-10
55940.500743	7.350171e-08	1.865536e-11
55941.500743	2.126561e-07	3.280109e-08
55942.500743	1.541641e-07	3.839607e-09
55943.500743	6.152326e-07	1.160137e-07
55944.500743	4.591837e-07	1.571792e-07
55945.500743	3.334830e-07	3.678811e-08
55946.500743	8.119944e-07	9.095518e-08
55947.500743	2.379258e-07	3.641093e-08
55948.500743	1.916856e-07	6.655483e-08
55949.500743	6.299288e-07	6.031657e-08
55950.500743	3.283747e-07	1.285714e-07
55951.500743	4.066195e-07	3.716577e-08
55952.500743	3.471860e-07	1.086552e-08
55953.500743	4.139148e-07	4.627923e-08
55954.500743	3.817764e-07	1.438977e-09
55955.500743	2.283053e-07	2.585432e-08
55956.500743	1.456554e-07	2.295502e-08
55957.500743	1.722493e-07	2.422822e-10
55958.500743	1.354840e-07	6.637211e-09
55959.500743	6.441198e-07	1.261315e-07
55960.500743	1.323344e-07	1.226420e-10
55961.500743	8.246385e-08	2.827372e-11
55962.500743	3.266130e-07	9.403993e-08
55963.500743	1.927595e-07	1.357747e-10
55964.500743	5.034464e-07	1.430429e-07
55965.500743	3.983442e-07	4.420109e-08
55966.500743	5.216706e-07	8.072178e-08
55967.500743	9.815408e-08	2.139846e-10
55968.500743	6.914285e-07	1.097292e-07
55969.500743	2.529278e-07	2.323623e-08
55970.500743	2.548572e-07	3.558782e-08
55971.500743	2.543853e-07	3.473839e-08
55972.500743	5.064079e-07	7.797041e-08
55973.500743	2.144473e-07	4.127146e-08
55974.500743	1.865979e-07	5.516212e-10
55975.500743	4.319025e-07	1.366055e-07
55976.500743	7.861781e-07	9.534791e-08
55977.500743	3.792644e-07	6.734292e-08
55978.500743	2.037497e-07	2.215744e-09
55979.500743	6.468067e-07	8.493232e-08
55980.500743	1.717713e-07	1.538030e-10
55981.500743	1.709840e-07	1.554051e-09
55982.500743	8.886789e-07	2.358451e-07
55983.500743	5.591934e-07	1.099094e-07
55984.500743	1.572970e-07	1.017471e-09
55985.500743	1.247983e-07	4.510708e-08
55986.500743	2.440408e-07	5.648970e-08
55987.500743	7.136656e-08	3.956624e-11
55988.500743	1.539255e-07	4.836664e-08
55989.500743	3.878727e-07	1.500958e-07
55990.500743	5.218506e-07	2.001326e-07
55991.500743	4.075568e-07	6.148267e-08
55992.500743	6.462336e-07	2.396139e-07
55993.500743	7.748177e-08	1.171661e-11
55994.500743	6.520614e-07	9.202633e-08
55995.500743	2.994402e-07	4.431849e-08
55996.500743	1.177815e-07	1.537961e-08
55997.500743	2.869047e-07	4.231764e-08
55998.500743	2.699622e-07	7.707753e-11
55999.500743	1.302312e-07	3.177067e-10
56000.500743	5.566506e-07	1.361315e-07
56001.500743	1.983469e-07	4.108012e-10
56002.500743	9.656237e-07	7.678039e-08
56003.500743	8.852430e-07	1.282810e-07
56004.500743	7.709943e-07	2.327454e-07
56005.500743	1.435964e-07	1.029485e-09
56006.500743	2.274354e-07	5.411349e-08
56007.500743	1.430372e-07	1.586463e-08
56008.500743	3.895839e-07	6.066353e-08
56009.500743	2.612214e-07	4.409652e-08
56010.500743	7.766384e-07	2.300210e-07
56011.500743	6.016695e-07	2.526006e-07
56012.500743	9.315762e-08	1.872189e-10
56013.500743	8.572891e-07	2.603047e-07
56014.500743	3.065103e-07	1.040487e-07
56015.500743	1.173686e-07	4.560455e-09
56016.500743	6.228743e-07	1.855362e-07
56017.500743	4.155383e-07	5.106382e-08
56018.500743	2.496889e-07	3.096468e-08
56019.500743	1.634659e-07	4.595089e-08
56020.500743	5.337434e-07	1.802887e-07
56021.500743	1.121003e-07	1.924527e-10
56022.500743	5.733796e-07	6.743340e-08
56023.500743	4.518927e-07	1.257857e-07
56024.500743	5.786790e-07	5.318075e-08
56025.500743	1.765917e-07	4.889625e-09
56026.500743	3.787055e-07	4.121048e-08
56027.500743	2.755235e-07	5.759779e-08
56028.500743	6.951407e-07	1.119284e-07
56029.500743	4.046653e-07	5.164027e-08
56030.500743	3.191751e-07	2.422082e-08
56031.500743	9.740254e-08	2.573261e-12
56032.500743	3.954659e-07	1.184966e-08
56033.500743	2.784736e-07	5.190151e-08
56034.500743	7.783801e-07	2.423077e-07
56035.500743	6.927443e-07	2.116756e-07
56036.500743	5.843789e-07	6.562617e-08
56037.500743	5.499157e-07	6.202547e-08
56038.500743	7.350765e-07	1.701377e-07
56039.500743	5.672513e-07	1.533781e-07
56040.500743	7.404531e-07	1.161963e-07
56041.500743	3.640080e-07	1.458098e-07
56042.500743	1.410443e-07	3.369192e-09
56043.500743	1.180303e-07	2.049888e-08
56044.500743	1.185676e-07	7.308998e-12
56045.500743	2.507265e-07	6.250495e-08
56046.500743	1.735454e-07	3.583880e-10
56047.500743	3.051423e-07	4.260276e-08
56048.500743	1.823649e-07	2.202067e-08
56049.500743	6.469062e-07	2.040933e-07
56050.500743	8.704537e-07	9.881168e-08
56051.500743	4.853952e-07	1.310564e-07
56052.500743	1.477448e-06	3.867952e-07
56053.500743	1.966725e-07	7.368831e-10
56054.500743	2.916679e-07	1.274428e-07
56055.500743	6.552238e-07	9.395146e-08
56056.500743	5.242994e-07	1.618804e-07
56057.500743	3.210156e-07	3.754347e-08
56058.500743	6.636927e-07	9.505236e-08
56059.500743	8.782421e-07	7.972396e-08
56060.500743	7.721238e-07	8.572314e-08
56061.500743	8.719930e-07	2.458171e-07
56062.500743	6.935564e-07	5.479286e-08
56063.500743	3.400859e-07	1.159721e-07
56064.500743	7.245323e-07	1.254601e-07
56065.500743	1.106359e-06	3.698709e-07
56066.500743	5.344684e-07	1.378207e-07
56067.500743	1.069799e-06	2.728096e-07
56068.500743	3.660556e-07	1.315240e-07
56069.500743	8.158052e-07	2.214130e-07
56070.500743	5.550813e-07	1.845002e-07
56071.500743	6.941853e-07	1.659470e-07
56072.500743	3.719518e-07	6.372678e-08
56073.500743	7.338187e-07	1.311968e-07
56074.500743	4.057346e-07	8.115570e-08
56075.500743	4.818597e-07	6.478572e-09
56076.500743	9.595892e-07	1.998690e-07
56077.500743	3.124342e-07	4.148539e-08
56078.500743	5.036731e-07	1.451385e-07
56079.500743	1.666739e-07	2.053367e-09
56080.500743	5.889316e-07	1.794098e-07
56081.500743	2.596034e-07	8.742305e-08
56082.500743	4.148169e-07	1.362571e-07
56083.500743	3.837957e-07	6.022364e-08
56084.500743	4.456513e-07	5.367181e-08
56085.500743	5.100565e-07	1.548685e-07
56086.500743	6.533478e-07	1.668964e-07
56087.500743	7.314692e-07	8.179676e-08
56088.500743	4.006729e-07	8.703910e-08
56089.500743	1.601005e-07	2.401369e-08
56090.500743	3.789567e-07	5.707627e-08
56091.500743	4.043295e-07	1.258258e-07
56092.500743	2.726791e-07	9.362311e-08
56093.500743	4.318238e-07	6.471829e-08
56094.500743	4.244691e-07	6.635275e-08
56095.500743	8.592723e-07	1.269921e-07
56096.500743	8.744911e-07	2.143856e-07
56097.500743	3.352591e-07	3.323598e-08
56098.500743	6.715377e-07	1.870895e-07
56099.500743	1.124926e-07	1.834373e-08
56100.500743	1.400002e-06	1.224494e-07
56101.500743	1.184163e-06	2.675431e-07
56102.500743	4.970708e-07	1.708956e-07
56103.500743	9.715013e-07	1.493137e-07
56104.500743	2.096594e-07	7.867049e-08
56105.500743	4.988664e-07	7.702477e-08
56106.500743	7.507077e-07	2.183825e-07
56107.500743	9.194965e-07	1.207322e-07
56108.500743	7.553450e-08	7.083322e-13
56109.500743	4.304775e-07	6.435627e-08
56110.500743	3.437022e-07	1.113236e-07
56111.500743	6.124519e-07	2.013460e-07
56112.500743	9.068343e-07	2.670302e-07
56113.500743	6.472280e-07	1.755563e-07
56114.500743	3.146105e-07	2.594531e-08
56115.500743	2.458342e-07	9.921575e-08
56116.500743	2.557292e-07	3.056632e-08
56117.500743	6.184601e-07	7.411511e-08
56118.500743	3.774642e-07	1.329051e-07
56119.500743	4.110314e-07	5.596747e-08
56120.500743	7.270265e-08	6.563521e-11
56121.500743	7.559631e-07	2.144341e-07
56122.500743	1.040171e-07	3.490063e-10
56123.500743	4.437328e-07	1.380845e-07
56124.500743	4.120051e-07	1.400998e-07
56125.500743	1.129032e-07	1.573053e-08
56126.500743	4.435399e-07	1.518560e-07
56127.500743	1.808500e-07	5.896098e-08
56128.500743	7.505611e-07	1.901355e-07
56129.500743	4.279323e-07	1.428595e-07
56130.500743	1.980579e-07	3.730637e-08
56131.500743	2.392418e-07	8.809523e-08
56132.500743	4.141251e-07	1.303492e-07
56133.500743	4.428139e-07	4.786394e-08
56134.500743	3.793247e-07	1.361239e-08
56135.500743	6.930422e-07	2.232005e-07
56136.500743	5.221281e-08	4.909721e-12
56137.500743	1.939478e-07	4.160810e-10
56138.500743	3.742229e-07	6.648942e-08
56139.500743	2.038923e-07	7.658669e-08
56140.500743	4.275210e-07	7.741917e-08
56141.500743	7.784124e-07	1.467930e-07
56142.500743	5.962656e-07	1.871493e-07
56143.500743	1.732341e-07	6.688704e-08
56144.500743	1.755256e-07	7.182645e-11
56145.500743	6.883923e-07	2.038051e-07
56146.500743	7.811580e-07	2.400961e-07
56147.500743	1.213135e-07	6.188434e-10
56148.500743	1.611575e-07	1.048163e-09
56149.500743	4.099436e-07	1.356602e-07
56150.500743	2.584676e-07	4.478105e-10
56151.500743	3.312557e-07	5.167685e-08
56152.500743	4.325935e-07	5.373252e-08
56153.500743	5.934523e-07	1.952929e-07
56154.500743	5.962733e-08	9.440757e-12
56155.500743	1.414684e-06	3.362372e-07
56156.500743	2.661511e-07	5.443956e-07
56157.500743	1.832709e-07	6.593960e-10
56158.500743	4.308190e-07	9.842667e-08
56159.500743	2.757056e-07	6.751189e-08
56160.500743	8.441697e-07	2.774845e-07
56161.500743	4.987018e-08	1.146362e-11
56162.500743	5.391440e-07	7.345790e-08
56163.500743	6.135796e-07	1.856603e-07
56164.500743	4.949750e-07	1.629555e-07
56165.500743	2.706419e-07	3.537148e-08
56166.500743	6.876601e-07	1.036167e-07
56167.500743	1.255352e-07	4.023728e-09
56168.500743	5.607975e-07	1.622975e-08
56169.500743	1.684603e-07	2.625681e-10
56170.500743	3.868687e-07	1.265961e-07
56171.500743	8.439414e-07	2.385327e-07
56172.500743	1.978591e-07	6.971128e-08
56173.500743	1.763561e-07	4.917159e-10
56174.500743	1.270101e-07	5.772108e-10
56175.500743	1.161640e-07	3.425001e-12
56176.500743	6.005801e-07	1.954089e-07
56177.500743	4.438452e-07	1.383297e-07
56178.500743	3.858077e-07	4.219109e-09
56179.500743	2.869766e-07	1.026474e-07
56180.500743	1.682609e-07	1.704435e-09
56181.500743	2.942647e-07	5.113601e-08
56182.500743	1.092729e-07	1.204424e-10
56183.500743	3.794659e-07	1.098339e-07
56184.500743	7.461033e-08	5.885990e-12
56185.500743	4.666875e-07	1.562486e-07
56186.500743	7.285842e-07	2.076280e-07
56187.500743	2.132009e-07	1.389743e-08
56188.500743	5.162195e-07	1.404329e-07
56189.500743	6.854916e-08	2.304806e-11
56190.500743	4.770899e-07	6.405710e-08
56191.500743	5.942503e-07	1.638132e-07
56192.500743	2.629940e-07	8.527716e-08
56193.500743	8.092417e-07	2.409857e-07
56194.500743	3.413448e-07	1.278242e-07
56195.500743	6.964640e-07	2.640592e-07
56196.500743	6.508872e-07	1.979471e-07
56197.500743	4.481630e-07	1.405203e-07
56198.500743	3.990669e-07	9.940971e-09
56199.500743	3.962085e-07	5.326951e-08
56200.500743	4.561418e-07	7.541520e-08
56201.500743	5.288209e-07	1.794781e-07
56202.500743	8.917869e-07	2.419598e-07
56203.500743	4.016314e-07	1.375292e-07
56204.500743	1.319191e-07	3.053490e-10
56205.500743	1.539357e-07	1.100674e-09
56206.500743	5.600744e-08	1.622241e-11
56207.500743	1.913251e-07	5.308939e-08
56208.500743	1.953621e-07	6.754792e-08
56209.500743	1.639045e-07	6.430715e-08
56210.500743	3.424115e-07	4.432017e-08
56211.500743	3.478301e-07	3.509052e-08
56212.500743	4.941981e-07	7.203149e-08
56213.500743	2.552855e-07	1.986563e-08
56214.500743	3.085022e-07	4.353683e-08
56215.500743	3.478713e-07	7.109323e-08
56216.500743	4.196866e-07	5.594307e-08
56217.500743	4.219191e-07	1.418554e-07
56218.500743	6.109510e-07	8.070457e-08
56219.500743	4.026615e-07	1.373659e-07
56220.500743	2.239910e-07	1.328199e-07
56221.500743	3.356918e-07	1.166257e-07
56222.500743	1.136890e-06	3.041019e-07
56223.500743	6.593629e-07	1.736822e-07
56224.500743	1.569576e-07	1.967672e-09
56225.500743	4.312290e-07	6.070205e-08
56226.500743	1.521381e-07	5.333596e-08
56227.500743	4.986634e-07	6.345316e-08
56228.500743	6.888557e-07	1.948744e-07
56229.500743	6.599745e-07	1.857429e-07
56230.500743	4.077193e-07	6.916338e-08
56231.500743	7.796972e-07	1.789052e-07
56232.500743	4.559845e-07	1.486958e-07
56233.500743	1.569549e-07	1.075823e-09
56234.500743	2.253357e-07	2.920868e-08
56235.500743	4.263713e-07	1.690220e-07
56236.500743	1.543345e-07	9.283428e-08
56237.500743	7.767334e-07	1.890604e-07
56238.500743	3.809083e-07	5.462082e-08
56239.500743	7.045284e-08	2.436703e-11
56240.500743	1.711322e-07	5.449792e-08
56241.500743	4.347871e-07	5.312400e-08
56242.500743	4.118611e-07	7.332181e-08
56243.500743	8.755088e-07	2.395911e-07
56244.500743	1.648434e-07	6.673029e-09
56245.500743	4.740352e-07	4.271237e-08
56246.500743	3.660357e-07	1.456686e-07
56247.500743	5.786579e-07	2.084085e-07
56248.500743	5.688120e-07	8.241543e-08
56249.500743	2.853026e-07	4.042026e-08
56250.500743	2.279536e-07	8.169706e-08
56251.500743	4.618251e-07	5.904501e-08
56252.500743	7.363766e-07	7.620208e-08
56253.500743	5.046126e-07	1.640831e-07
56254.500743	6.026267e-07	7.119920e-08
56255.500743	1.854602e-07	9.706247e-10
56256.500743	3.128459e-07	3.628089e-08
56257.500743	4.794989e-07	7.904908e-08
56258.500743	4.941086e-07	1.453373e-07
56259.500743	5.893927e-07	1.559797e-07
56260.500743	1.442173e-07	3.059085e-10
56261.500743	2.987990e-07	3.880462e-08
56262.500743	2.518585e-07	8.969896e-08
56263.500743	4.987513e-07	1.563959e-07
56264.500743	5.443717e-07	1.924191e-07
56265.500743	3.630014e-07	1.429508e-07
56266.500743	7.884438e-07	2.453896e-07
56267.500743	4.179046e-07	5.855096e-08
56268.500743	7.697200e-07	1.996670e-07
56269.500743	1.334464e-07	1.381066e-08
56270.500743	1.277573e-07	2.097774e-08
56271.500743	1.477288e-07	6.058686e-08
56272.500743	6.207515e-07	2.327081e-07
56273.500743	6.015618e-07	1.795009e-07
56274.500743	4.396187e-07	6.848137e-08
56275.500743	8.855926e-08	1.576669e-08
56276.500743	9.732007e-07	2.694688e-07
56277.500743	5.025830e-07	4.714072e-08
56278.500743	6.159116e-07	1.149205e-07
56279.500743	5.970181e-08	4.970286e-11
56281.500743	6.869110e-07	2.386419e-07
56282.500743	8.609034e-08	6.838804e-11
56283.500743	8.423563e-08	2.597936e-12
56284.500743	7.505843e-07	1.976350e-07
56285.500743	1.174491e-07	3.958854e-11
56286.500743	5.262377e-08	8.015004e-12
56287.500743	3.233458e-07	1.076179e-07
56288.500743	5.310371e-07	2.395545e-07
56289.500743	2.093154e-07	1.053557e-07
56290.500743	2.152472e-07	7.856939e-08
56291.500743	8.646995e-08	1.644045e-11
56292.500743	1.541707e-07	1.981298e-08
56293.500743	3.393082e-07	1.183170e-07
56294.500743	2.442841e-07	2.216724e-08
56295.500743	6.383027e-07	1.280254e-07
56296.500743	1.429189e-07	2.468400e-08
56297.500743	5.242647e-07	7.400624e-08
56298.500743	7.835800e-08	1.775774e-11
56299.500743	4.848092e-07	1.607647e-07
56300.500743	7.799583e-08	1.747453e-11
56301.500743	5.299202e-07	1.765960e-07
56302.500743	1.967179e-07	6.279799e-10
56303.500743	1.822628e-07	6.111636e-10
56304.500743	1.791047e-07	1.333227e-09
56305.500743	2.248334e-07	4.104162e-08
56306.500743	1.951969e-07	3.329067e-07
56307.500743	1.775308e-07	5.620347e-08
56308.500743	4.871548e-07	1.040599e-07
56309.500743	5.863988e-08	5.197267e-12
56310.500743	7.458420e-07	2.055279e-07
56311.500743	7.601114e-07	2.435488e-07
56312.500743	7.692342e-07	2.065235e-07
56313.500743	2.591514e-07	1.251986e-09
56314.500743	5.414728e-07	1.620223e-08
56315.500743	6.040470e-08	3.250479e-11
56316.500743	1.103024e-06	3.400262e-07
56317.500743	3.863488e-07	1.462382e-07
56318.500743	5.718129e-08	6.199219e-12
56319.500743	4.178596e-07	1.541269e-07
56320.500743	1.737665e-07	2.488975e-10
56321.500743	1.633268e-07	9.775944e-11
56322.500743	1.386014e-07	1.273854e-08
56323.500743	7.866969e-07	1.081732e-07
56324.500743	5.885018e-07	2.023590e-07
56325.500743	1.037216e-06	2.369822e-08
56326.500743	1.715289e-07	2.247873e-08
56327.500743	2.944759e-07	4.909825e-08
56328.500743	4.970812e-07	1.097279e-07
56329.500743	4.568470e-07	2.463087e-07
56330.500743	5.660752e-07	1.886194e-07
56331.500743	3.110855e-07	1.314701e-07
56332.500743	7.828718e-07	2.348342e-07
56333.500743	1.011907e-06	2.738387e-07
56334.500743	1.329738e-07	2.409023e-10
56335.500743	7.203358e-07	7.897744e-08
56336.500743	7.526166e-07	1.538411e-07
56337.500743	7.101998e-07	8.654234e-08
56338.500743	1.939568e-07	3.307202e-08
56339.500743	4.483623e-07	1.485286e-07
56340.500743	1.778191e-07	1.837391e-08
56341.500743	1.229817e-07	2.439948e-10
56342.500743	7.868406e-07	2.209734e-07
56343.500743	7.038288e-07	8.731446e-08
56344.500743	2.585899e-07	8.659110e-08
56345.500743	5.565857e-08	6.589369e-11
56346.500743	1.644145e-07	1.372221e-09
56347.500743	1.707378e-07	1.541665e-09
56348.500743	7.226089e-07	1.913253e-07
56349.500743	4.699230e-07	1.164521e-07
56350.500743	1.717432e-07	4.699137e-08
56351.500743	4.544316e-07	4.559268e-08
56352.500743	2.895276e-07	5.022594e-08
56353.500743	4.255602e-07	3.945829e-08
56354.500743	5.483110e-07	1.570923e-07
56355.500743	4.587827e-07	1.454840e-07
56356.500743	2.516517e-07	7.318436e-08
56357.500743	2.896912e-07	1.099428e-07
56358.500743	4.879458e-07	7.254645e-08
56359.500743	4.777503e-07	1.558014e-07
56360.500743	4.587881e-07	7.336183e-08
56361.500743	4.477753e-07	1.731643e-07
56362.500743	5.762329e-07	1.941006e-07
56363.500743	1.086575e-07	9.780983e-11
56364.500743	4.492559e-07	1.384731e-07
56365.500743	5.350432e-07	1.904233e-07
56366.500743	7.006911e-07	7.531309e-08
56367.500743	5.987774e-07	1.722536e-07
56368.500743	4.413737e-07	6.280112e-08
56369.500743	8.585434e-07	1.168136e-07
56370.500743	8.342479e-07	4.160296e-07
56371.500743	6.117659e-07	2.423082e-07
56372.500743	1.774325e-07	3.724395e-08
56373.500743	9.858672e-07	1.701836e-07
56374.500743	8.928576e-08	4.217258e-12
56375.500743	2.376003e-07	3.187720e-08
56376.500743	2.837974e-07	3.725285e-08
56377.500743	4.175396e-07	5.323816e-08
56378.500743	2.784365e-07	1.057742e-07
56379.500743	7.948681e-07	1.252463e-07
56380.500743	1.856403e-07	8.371980e-10
56381.500743	1.540732e-07	3.095056e-09
56382.500743	1.594627e-07	1.760962e-08
56383.500743	6.567263e-07	7.010975e-08
56384.500743	1.711634e-07	4.568425e-09
56385.500743	4.413264e-07	1.372662e-07
56386.500743	2.005509e-07	2.811452e-09
56387.500743	1.396353e-07	1.762822e-09
56388.500743	8.499227e-07	5.186790e-08
56389.500743	3.446991e-07	4.204885e-08
56390.500743	2.052051e-07	3.176606e-08
56391.500743	7.745221e-08	5.397291e-11
56392.500743	1.463873e-07	2.874492e-09
56393.500743	6.850105e-07	2.199776e-07
56394.500743	3.747719e-07	8.986395e-08
56395.500743	6.481727e-07	1.866538e-07
56396.500743	2.824033e-07	3.708901e-08
56397.500743	3.229053e-07	3.739050e-08
56398.500743	1.686297e-07	3.648686e-09
56399.500743	4.027044e-07	1.228156e-07
56400.500743	7.116062e-08	3.195055e-13
56401.500743	4.119130e-07	1.359653e-07
56402.500743	1.167622e-07	2.809135e-11
56403.500743	1.802478e-07	6.396637e-11
56404.500743	4.876810e-07	6.224266e-08
56405.500743	2.364924e-07	4.256889e-08
56406.500743	6.349715e-08	2.780075e-11
56407.500743	3.103499e-07	2.541324e-08
56408.500743	8.004754e-07	4.941035e-08
56409.500743	4.013893e-07	5.581998e-08
56410.500743	7.096154e-07	8.845425e-08
56411.500743	2.384425e-07	5.037073e-08
56412.500743	4.563831e-07	9.771139e-08
56413.500743	4.037630e-07	4.847172e-08
56414.500743	6.918959e-07	1.935990e-07
56415.500743	3.464648e-07	1.101354e-07
56416.500743	5.301061e-07	4.916494e-08
56417.500743	1.796809e-07	2.970455e-08
56418.500743	5.245113e-07	1.683240e-07
56419.500743	2.846322e-07	3.213052e-08
56420.500743	5.750920e-07	5.026049e-08
56421.500743	7.990091e-07	1.816495e-08
56422.500743	4.347580e-07	1.473532e-07
56423.500743	5.226433e-07	2.074623e-07
56424.500743	5.700876e-07	8.134357e-08
56425.500743	5.952371e-07	4.318810e-08
56426.500743	5.890092e-07	1.837305e-07
56427.500743	4.074477e-07	5.119258e-08
56428.500743	8.677031e-07	1.038913e-07
56429.500743	1.196506e-06	3.253836e-07
56430.500743	2.192372e-07	4.631541e-08
56431.500743	6.197428e-07	1.985470e-07
56432.500743	7.352189e-07	8.127973e-08
56433.500743	3.066088e-07	1.181724e-07
56434.500743	8.510452e-07	8.551759e-08
56435.500743	1.123339e-07	3.362770e-11
56436.500743	1.236967e-07	1.634347e-11
56437.500743	6.583194e-07	1.991810e-07
56438.500743	2.149881e-07	1.463315e-09
56439.500743	1.155115e-07	1.259097e-10
56440.500743	7.604390e-07	1.650996e-08
56441.500743	2.698349e-07	9.746665e-08
56442.500743	1.745130e-07	2.426924e-10
56443.500743	4.824438e-07	1.413121e-07
56444.500743	7.825424e-07	2.268961e-07
56445.500743	1.890645e-07	1.070683e-08
56446.500743	8.339337e-07	4.567493e-08
56447.500743	6.436841e-08	6.492430e-12
56448.500743	2.498977e-07	3.365554e-08
56449.500743	1.139312e-07	2.022487e-10
56450.500743	4.590286e-07	7.339148e-08
56451.500743	4.113587e-07	4.654046e-08
56452.500743	1.161882e-07	3.021090e-11
56453.500743	3.229349e-07	6.744377e-09
56454.500743	1.575229e-07	2.546905e-10
56455.500743	1.627480e-07	3.717803e-09
56456.500743	1.126408e-06	2.584247e-07
56457.500743	1.766327e-07	2.029639e-08
56458.500743	4.344744e-07	1.393240e-07
56459.500743	2.261374e-07	6.912571e-08
56460.500743	7.298896e-07	4.225407e-08
56461.500743	7.660474e-07	2.674600e-08
56462.500743	3.763141e-07	5.904934e-08
56463.500743	1.573158e-07	4.990588e-08
56464.500743	2.605880e-07	1.073847e-07
56465.500743	3.634889e-07	4.704466e-08
56466.500743	5.186198e-07	1.021510e-07
56467.500743	2.748443e-07	1.067763e-08
56468.500743	1.693135e-07	4.449106e-08
56469.500743	2.887879e-07	4.452181e-08
56470.500743	3.210648e-07	6.333035e-08
56471.500743	1.010308e-07	8.928497e-12
56472.500743	2.486406e-07	6.647707e-08
56473.500743	1.693767e-07	1.099508e-09
56474.500743	3.707248e-07	4.811100e-08
56475.500743	6.561330e-07	1.487284e-08
56476.500743	7.976680e-07	2.357294e-07
56477.500743	8.858266e-07	2.633157e-07
56478.500743	4.322671e-07	1.939225e-07
56479.500743	6.922936e-07	2.413520e-07
56480.500743	2.969500e-07	9.352928e-08
56481.500743	4.808659e-07	1.840269e-07
56482.500743	2.031973e-07	4.369255e-09
56483.500743	6.565353e-07	2.081065e-07
56484.500743	1.487689e-06	3.748118e-07
56485.500743	6.102807e-07	1.988195e-07
56486.500743	2.931712e-07	1.064302e-07
56487.500743	4.279769e-07	8.177722e-08
56488.500743	6.406884e-07	1.892962e-07
56489.500743	4.450321e-07	1.378861e-07
56490.500743	5.250104e-07	1.676231e-07
56491.500743	8.019100e-07	2.700355e-07
56492.500743	3.359472e-07	1.288964e-07
56493.500743	9.215515e-07	2.974407e-07
56494.500743	5.669991e-07	7.742450e-08
56495.500743	2.499491e-07	7.789232e-11
56496.500743	5.084410e-07	1.628321e-07
56497.500743	9.093845e-08	5.622725e-12
56498.500743	1.745341e-07	2.876988e-10
56499.500743	3.364203e-07	4.544453e-08
56500.500743	2.738119e-07	6.554414e-08
56501.500743	3.841630e-07	9.970988e-08
56502.500743	8.653751e-07	1.715415e-07
56503.500743	1.922044e-07	2.713251e-08
56504.500743	4.975474e-07	2.046937e-07
56505.500743	2.497410e-07	1.699005e-06
56506.500743	4.342079e-07	1.496226e-07
56507.500743	5.539396e-07	1.853739e-07
56508.500743	1.224941e-07	1.971066e-11
56509.500743	3.793914e-07	1.044375e-07
56510.500743	2.522604e-07	6.282164e-09
56511.500743	5.791431e-07	9.120725e-08
56512.500743	1.943205e-07	3.070308e-10
56513.500743	2.321145e-07	3.035334e-08
56514.500743	5.102389e-07	8.116584e-08
56515.500743	4.177072e-07	1.409332e-07
56516.500743	4.594019e-07	8.096467e-08
56517.500743	5.782386e-07	6.180147e-08
56518.500743	2.922753e-07	7.478473e-08
56519.500743	1.234329e-07	2.609001e-10
56520.500743	1.384697e-07	7.746805e-10
56522.500743	4.696758e-07	1.130629e-08
56523.500743	4.144407e-07	4.289651e-08
56524.500743	1.407019e-07	2.027148e-08
56525.500743	6.448239e-07	1.984560e-07
56526.500743	2.608163e-07	3.612019e-08
56527.500743	2.404272e-07	4.937059e-08
56528.500743	1.711968e-07	5.917605e-08
56529.500743	1.856552e-07	3.920740e-09
56530.500743	1.152657e-07	2.764938e-11
56531.500743	2.449178e-07	5.791373e-08
56532.500743	1.807525e-07	1.804042e-10
56533.500743	8.774282e-07	1.943568e-07
56534.500743	3.743924e-07	4.903396e-08
56535.500743	1.391437e-07	9.446043e-10
56536.500743	6.246772e-07	2.835365e-08
56537.500743	5.044070e-07	2.293562e-07
56538.500743	3.704743e-07	1.267155e-07
56539.500743	1.313304e-07	3.979184e-08
56540.500743	6.138873e-07	1.693060e-07
56541.500743	2.554758e-07	9.194593e-08
56542.500743	1.212992e-07	8.715493e-10
56543.500743	2.272648e-07	1.406894e-08
56544.500743	3.905357e-07	1.368675e-07
56545.500743	3.665534e-07	1.218839e-07
56546.500743	2.328071e-07	3.113452e-08
56547.500743	3.799472e-07	7.202548e-08
56548.500743	2.967707e-07	1.067924e-07
56549.500743	8.300152e-08	4.766278e-12
56550.500743	5.037131e-07	1.583500e-07
56551.500743	3.753026e-07	1.304136e-07
56552.500743	6.196396e-07	1.572990e-07
56553.500743	1.903584e-07	6.029401e-09
56554.500743	3.391764e-07	6.751070e-08
56555.500743	1.572668e-07	4.974235e-09
56556.500743	6.383974e-08	3.657718e-11
56557.500743	4.774200e-07	1.104651e-07
56558.500743	1.876999e-07	2.758213e-08
56559.500743	4.786932e-07	6.962924e-08
56560.500743	1.986984e-07	2.000107e-11
56561.500743	3.163215e-07	5.730177e-08
56562.500743	1.802410e-07	4.356927e-09
56563.500743	2.484126e-07	4.686464e-09
56564.500743	3.923220e-07	1.343178e-07
56565.500743	4.122892e-07	5.536534e-08
56566.500743	7.215114e-07	8.319508e-08
56567.500743	4.165149e-07	1.131967e-08
56568.500743	2.491320e-07	3.623258e-08
56569.500743	4.681307e-07	6.728077e-08
56570.500743	5.027780e-07	1.736027e-07
56571.500743	1.433027e-07	3.287806e-08
56572.500743	7.909098e-07	2.043110e-07
56573.500743	3.694083e-07	1.272769e-07
56574.500743	1.684552e-07	6.725396e-09
56575.500743	2.531328e-07	3.326529e-08
56576.500743	2.650781e-07	3.779249e-08
56577.500743	4.425283e-07	1.641795e-07
56578.500743	3.126050e-07	3.688396e-07
56579.500743	2.503733e-07	2.984403e-08
56580.500743	5.501545e-07	1.810581e-07
56581.500743	7.244753e-07	2.229506e-07
56582.500743	1.685599e-07	5.767504e-08
56583.500743	6.595074e-07	1.818752e-07
56584.500743	3.084415e-07	1.023051e-08
56585.500743	1.049000e-07	1.175962e-10
56586.500743	1.117495e-07	4.282871e-08
56588.500743	3.795871e-07	1.278267e-07
56589.500743	6.988180e-07	1.490150e-08
56590.500743	5.937315e-08	1.807256e-10
56591.500743	1.112149e-06	3.863082e-07
56592.500743	6.795983e-07	2.370513e-07
56593.500743	8.516957e-07	2.536949e-07
56594.500743	2.344275e-07	1.147035e-10
56595.500743	6.240786e-07	5.773027e-08
56596.500743	5.740756e-07	1.828099e-07
56597.500743	3.196663e-07	3.672037e-08
56598.500743	1.247845e-07	1.117974e-09
56599.500743	5.233590e-07	1.461921e-07
56600.500743	4.605490e-07	1.366439e-07
56601.500743	6.554121e-07	1.914701e-07
56602.500743	7.675338e-07	1.833198e-08
56603.500743	2.667316e-07	1.011875e-07
56604.500743	5.368109e-07	1.654944e-07
56605.500743	1.643084e-07	1.694965e-08
56606.500743	6.373718e-08	3.955184e-11
56607.500743	2.516125e-07	4.608341e-08
56608.500743	2.164036e-07	2.077026e-10
56609.500743	1.147792e-07	4.571418e-08
56610.500743	4.094086e-07	5.287103e-08
56611.500743	7.642502e-08	9.029904e-12
56612.500743	1.504267e-07	2.857721e-09
56613.500743	3.651946e-07	5.789300e-08
56614.500743	4.092571e-07	9.906308e-09
56615.500743	3.293786e-07	4.953881e-08
56616.500743	3.180353e-07	1.130898e-07
56617.500743	1.521018e-07	3.518385e-12
56618.500743	4.731927e-07	1.342189e-08
56619.500743	6.692424e-08	6.193935e-11
56620.500743	5.977464e-07	1.579220e-07
56621.500743	1.028790e-07	2.706300e-08
56622.500743	1.772930e-07	8.264744e-09
56623.500743	6.535445e-07	6.390918e-08
56624.500743	6.157070e-07	1.079638e-07
56625.500743	1.210094e-07	7.804861e-11
56626.500743	6.481948e-07	4.523323e-08
56627.500743	2.153369e-07	3.730259e-08
56628.500743	4.956938e-07	1.230834e-08
56629.500743	5.735248e-07	3.619506e-08
56630.500743	5.115834e-07	5.616675e-08
56631.500743	6.089221e-07	1.634298e-07
56632.500743	4.351297e-07	1.318039e-09
56633.500743	2.913368e-07	2.890876e-10
56634.500743	1.852809e-07	4.205909e-09
56635.500743	3.094145e-07	2.018534e-08
56636.500743	2.049989e-07	2.210563e-08
56637.500743	3.244212e-07	1.438316e-07
56638.500743	3.920065e-07	1.422799e-07
56639.500743	1.055900e-07	6.660215e-12
56640.500743	5.448110e-07	5.933566e-08
56641.500743	4.897902e-07	1.284621e-07
56642.500743	1.706437e-07	2.318547e-10
56643.500743	4.730363e-08	4.076535e-11
56644.500743	1.030681e-06	9.758881e-08
56645.500743	4.659095e-07	1.029339e-07
56646.500743	6.305381e-07	2.375382e-07
56647.500743	5.175634e-07	3.760946e-08
56648.500743	4.568544e-07	1.644811e-07
56649.500743	2.951558e-07	4.393350e-08
56650.500743	9.939873e-08	1.570368e-08
56651.500743	5.052577e-07	1.601828e-07
56652.500743	3.869908e-07	1.306972e-07
56653.500743	1.149362e-07	4.815396e-11
56654.500743	2.232031e-07	3.266673e-08
56655.500743	7.458759e-07	1.117033e-07
56656.500743	4.601590e-07	1.534510e-07
56657.500743	8.483839e-07	2.376171e-07
56658.500743	1.343567e-07	8.585918e-11
56659.500743	1.349140e-07	4.842047e-08
56660.500743	3.864981e-07	1.073751e-07
56661.500743	3.544139e-07	5.038441e-08
56662.500743	6.613075e-07	1.749856e-07
56663.500743	2.683246e-07	3.845997e-08
56664.500743	1.313365e-07	2.003704e-08
56665.500743	1.174613e-07	2.480128e-08
56666.500743	6.638102e-07	1.906815e-07
56667.500743	1.947951e-07	6.397880e-09
56668.500743	2.675142e-07	2.401596e-08
56669.500743	6.759356e-07	6.852206e-08
56670.500743	6.331961e-07	1.936439e-07
56671.500743	2.700349e-07	9.236885e-08
56672.500743	2.929378e-07	8.943761e-09
56673.500743	3.805316e-07	7.603903e-08
56674.500743	4.752888e-07	6.840855e-08
56675.500743	2.253513e-07	1.458165e-09
56676.500743	3.978818e-07	4.922101e-08
56677.500743	5.531963e-07	1.622953e-07
56678.500743	5.647726e-07	1.271190e-08
56679.500743	2.821815e-07	8.098974e-08
56680.500743	5.216379e-07	1.140175e-07
56681.500743	2.865231e-07	1.831135e-08
56682.500743	2.509379e-07	5.212729e-09
56683.500743	5.044036e-07	1.445202e-07
56684.500743	7.374165e-07	1.676289e-07
56685.500743	1.241004e-06	7.609922e-08
56686.500743	3.236287e-07	1.233998e-07
56687.500743	3.311614e-07	7.753984e-08
56688.500743	5.696209e-07	9.317604e-09
56689.500743	3.466501e-07	5.854631e-08
56690.500743	1.156025e-06	3.393872e-07
56691.500743	6.086216e-08	2.532822e-11
56692.500743	1.030392e-06	1.632699e-07
56693.500743	8.944456e-07	2.456523e-07
56694.500743	3.374706e-07	3.746488e-08
56695.500743	6.316981e-07	2.226166e-07
56696.500743	9.720683e-07	1.452292e-07
56697.500743	5.121711e-07	5.338956e-08
56698.500743	7.329422e-07	8.427582e-08
56699.500743	4.430182e-07	1.438254e-07
56700.500743	7.436661e-07	2.065098e-07
56701.500743	3.970614e-07	8.319645e-09
56702.500743	2.922489e-07	5.513866e-08
56703.500743	8.480666e-07	8.330556e-08
56704.500743	3.042082e-07	1.117808e-07
56705.500743	9.621194e-07	1.182115e-07
56706.500743	6.017313e-07	9.157534e-08
56707.500743	1.014953e-06	2.560088e-07
56708.500743	6.058483e-07	1.740561e-07
56709.500743	4.253007e-07	5.613995e-08
56710.500743	3.883847e-07	6.991583e-08
56711.500743	3.571633e-07	2.418990e-08
56712.500743	9.240289e-07	9.794568e-08
56713.500743	4.843066e-07	4.921318e-08
56717.500743	5.117277e-07	5.117762e-08
56718.500743	9.317039e-08	1.325173e-10
56719.500743	2.266105e-07	1.230016e-08
56720.500743	2.584259e-07	8.083094e-08
56721.500743	3.303844e-07	1.200935e-07
56722.500743	3.085224e-07	8.296117e-08
56723.500743	6.819423e-07	8.452651e-08
56724.500743	4.270457e-07	3.298551e-08
56725.500743	6.698331e-07	1.718018e-07
56726.500743	2.874632e-07	3.407415e-07
56727.500743	2.147568e-07	7.769751e-08
56728.500743	4.082221e-07	1.406829e-07
56729.500743	3.479913e-08	2.799722e-10
56730.500743	7.904226e-08	7.216876e-11
56731.500743	6.386609e-07	2.012035e-07
56732.500743	5.180184e-07	6.630102e-08
56733.500743	7.236230e-07	1.657829e-07
56734.500743	7.209710e-07	8.495877e-08
56735.500743	3.337471e-07	1.137089e-07
56736.500743	1.672363e-07	8.093407e-10
56737.500743	5.978052e-07	1.692384e-07
56738.500743	1.801627e-07	5.459360e-08
56739.500743	5.264898e-07	5.159020e-08
56740.500743	5.073848e-07	4.434890e-08
56741.500743	3.552578e-07	1.726514e-07
56742.500743	6.110494e-07	3.247366e-08
56743.500743	8.249959e-07	2.849277e-07
56744.500743	6.495048e-07	9.665119e-08
56745.500743	5.629643e-07	2.276787e-07
56746.500743	2.867885e-07	5.380461e-08
56747.500743	5.264433e-07	1.543351e-07
56748.500743	2.718741e-07	1.090211e-07
56749.500743	8.634830e-07	1.588362e-07
56750.500743	3.804327e-07	4.555882e-08
56751.500743	6.506704e-07	1.815771e-07
56752.500743	5.963668e-07	6.005549e-08
56753.500743	5.199668e-07	5.628419e-08
56754.500743	6.146117e-07	8.879268e-08
56755.500743	2.445978e-07	7.748721e-08
56756.500743	4.033933e-07	1.160617e-07
56757.500743	6.049798e-07	7.531614e-08
56758.500743	7.323972e-07	2.167269e-07
56759.500743	2.020984e-07	5.380008e-09
56760.500743	4.255393e-07	4.439106e-08
56761.500743	5.486013e-08	1.540559e-11
56762.500743	2.250866e-07	4.869436e-08
56763.500743	5.098054e-08	1.057279e-11
56764.500743	3.816308e-07	3.735091e-08
56765.500743	1.242308e-07	2.819970e-09
56766.500743	6.898998e-07	8.151186e-08
56767.500743	3.070070e-07	1.109468e-07
56768.500743	7.551373e-07	9.034407e-08
56769.500743	6.370705e-07	1.699359e-07
56770.500743	7.778079e-07	7.030066e-08
56771.500743	7.187647e-07	7.805673e-08
56772.500743	4.527760e-07	4.389592e-08
56773.500743	4.504534e-07	8.952620e-09
56774.500743	9.773001e-07	2.079570e-07
56775.500743	5.377076e-07	1.441834e-07
56776.500743	5.142358e-07	5.418117e-08
56777.500743	3.903424e-07	2.626086e-08
56778.500743	4.339791e-07	6.709399e-08
56779.500743	5.406051e-07	1.379458e-07
56780.500743	6.708341e-07	1.653025e-07
56781.500743	1.616236e-07	6.225978e-09
56782.500743	3.999762e-07	1.216008e-07
56783.500743	3.369779e-07	7.206304e-08
56784.500743	5.431941e-07	4.784816e-08
56785.500743	1.439568e-07	5.892442e-09
56786.500743	1.122135e-07	3.775534e-11
56787.500743	3.571183e-07	4.604748e-08
56788.500743	6.190908e-07	5.162267e-08
56789.500743	7.189450e-07	8.001535e-08
56790.500743	7.736151e-07	2.369412e-07
56791.500743	1.245278e-07	3.205744e-09
56792.500743	6.617396e-07	8.669560e-08
56793.500743	5.302065e-07	4.463520e-08
56794.500743	6.053789e-07	2.346736e-07
56795.500743	1.746937e-07	5.097748e-10
56796.500743	1.867842e-07	4.548098e-08
56797.500743	3.386114e-07	1.416278e-07
56798.500743	4.077510e-07	1.525328e-07
56799.500743	1.832293e-07	9.662667e-10
56800.500743	1.607661e-07	4.909955e-09
56801.500743	1.988999e-07	8.049370e-08
56802.500743	1.808956e-07	3.800209e-10
56803.500743	1.943817e-07	3.025771e-08
56804.500743	4.458782e-07	1.731398e-07
56805.500743	1.105102e-07	1.084062e-10
56806.500743	7.255338e-08	2.055650e-12
56807.500743	1.126127e-07	8.985602e-12
56808.500743	6.833076e-07	2.340587e-07
56809.500743	5.810091e-07	1.933887e-07
56810.500743	6.358630e-07	3.127148e-07
56811.500743	3.233992e-07	1.379315e-07
56812.500743	3.028127e-07	4.228089e-08
56813.500743	2.615971e-07	2.723783e-08
56814.500743	2.394914e-07	3.600413e-08
56815.500743	3.962541e-07	9.088016e-08
56816.500743	6.838127e-07	2.017009e-07
56817.500743	4.936359e-07	1.567813e-07
56818.500743	6.497056e-07	2.049262e-07
56819.500743	6.778128e-07	1.601338e-08
56820.500743	6.060535e-07	2.098829e-07
56821.500743	7.499841e-07	1.283194e-07
56822.500743	8.685444e-07	1.920190e-07
56823.500743	1.012919e-06	5.654901e-08
56824.500743	5.785488e-07	8.111422e-08
56825.500743	6.997842e-07	2.109814e-07
56826.500743	2.365957e-07	5.388086e-09
56827.500743	1.912024e-07	1.751811e-08
56828.500743	4.260050e-08	2.954508e-11
56829.500743	2.819188e-07	2.838490e-08
56830.500743	2.154985e-07	4.137890e-08
56831.500743	1.213613e-07	2.408220e-11
56832.500743	1.705060e-07	1.046997e-10
56833.500743	3.081549e-07	1.671436e-10
56835.500743	1.236103e-07	3.840123e-09
56836.500743	2.975979e-07	6.630182e-09
56837.500743	8.775059e-08	1.550141e-10
56838.500743	1.420723e-07	1.763167e-09
56839.500743	2.438366e-07	3.376806e-08
56840.500743	1.187680e-07	1.712942e-10
56841.500743	7.646155e-08	5.510792e-12
56842.500743	1.614930e-07	1.875547e-09
56843.500743	1.103410e-07	1.291829e-10
56844.500743	5.029061e-08	3.172266e-11
56845.500743	1.236554e-07	9.657217e-12
56846.500743	9.777317e-07	2.742283e-07
56847.500743	1.665267e-07	7.486664e-10
56848.500743	5.868478e-08	3.658653e-11
56849.500743	1.577208e-07	3.478867e-09
56850.500743	4.663473e-07	1.681017e-07
56851.500743	8.869898e-08	8.074370e-12
56852.500743	5.793814e-07	2.334211e-07
56853.500743	1.213025e-07	3.484603e-11
56854.500743	3.702866e-07	1.476746e-07
56855.500743	1.392269e-07	3.688270e-08
56856.500743	2.245240e-07	9.257315e-10
56857.500743	4.494283e-07	6.196031e-08
56858.500743	1.401334e-07	3.409121e-09
56859.500743	1.620952e-07	6.303708e-08
56860.500743	1.231865e-07	3.987304e-08
56861.500743	6.542598e-07	2.248693e-07
56862.500743	2.422331e-07	6.270774e-08
56863.500743	1.717966e-06	4.987631e-07
56864.500743	1.320158e-06	4.347078e-07
56865.500743	1.708183e-07	3.227756e-09
56866.500743	2.906985e-07	1.118258e-07
56867.500743	1.948490e-07	2.524203e-08
56868.500743	1.351860e-06	3.348767e-07
56869.500743	5.989789e-07	2.066590e-07
56870.500743	8.020691e-07	2.480061e-07
56871.500743	8.070590e-07	2.305947e-07
56872.500743	8.864737e-07	1.986845e-07
56873.500743	1.322699e-07	5.193199e-12
56874.500743	4.007632e-07	1.428244e-07
56875.500743	7.406177e-07	8.821934e-08
56876.500743	6.773298e-07	1.391945e-07
56877.500743	3.937594e-07	1.403661e-08
56878.500743	5.683958e-07	1.816346e-07
56879.500743	4.924453e-07	1.483466e-07
56880.500743	4.827320e-07	8.905920e-07
56881.500743	1.704848e-07	1.976936e-14
56882.500743	1.656283e-07	3.947442e-10
56883.500743	7.210663e-07	1.202211e-07
56884.500743	2.945177e-07	9.864808e-08
56885.500743	6.387298e-08	1.699654e-11
56886.500743	1.587406e-07	2.242195e-08
56887.500743	4.874904e-07	1.408564e-07
56888.500743	1.414979e-07	5.257109e-08
56889.500743	2.994640e-07	2.930752e-08
56890.500743	2.016922e-07	7.091501e-08
56891.500743	1.666530e-07	5.180285e-08
56892.500743	4.102023e-07	1.317183e-07
56893.500743	3.053782e-07	1.007101e-07
56894.500743	1.253500e-07	2.226533e-09
56895.500743	2.014178e-07	1.176645e-11
56896.500743	4.721885e-07	1.437588e-07
56897.500743	6.986969e-07	2.322530e-07
56898.500743	2.768683e-07	4.438231e-08
56899.500743	9.426468e-08	1.018352e-10
56900.500743	2.953890e-07	4.728745e-08
56901.500743	2.864320e-07	4.406563e-08
56902.500743	9.418878e-08	6.029632e-12
56903.500743	4.993686e-07	1.660430e-07
56904.500743	3.376992e-07	1.163154e-07
56905.500743	9.947364e-08	2.142495e-08
56906.500743	1.752294e-07	6.901396e-10
56907.500743	2.411764e-07	3.268185e-10
56908.500743	2.280166e-07	3.524583e-09
56909.500743	1.542447e-07	1.251891e-10
56910.500743	4.078461e-07	1.278888e-07
56911.500743	4.169121e-07	8.695934e-08
56912.500743	2.464074e-07	1.166931e-08
56913.500743	1.430811e-07	5.650433e-10
56914.500743	3.122538e-07	7.935103e-09
56915.500743	2.707308e-07	1.410959e-07
56916.500743	3.313689e-07	5.142190e-08
56917.500743	1.225195e-07	1.341424e-08
56918.500743	1.451105e-07	3.969296e-09
56919.500743	5.808308e-07	1.249496e-07
56920.500743	9.743935e-07	6.163655e-08
56921.500743	4.267686e-07	5.809523e-08
56922.500743	5.289062e-07	7.560801e-08
56923.500743	6.116165e-07	1.881150e-07
56924.500743	4.658121e-07	1.601386e-07
56925.500743	5.658491e-07	1.633918e-07
56926.500743	4.626600e-07	1.535010e-07
56927.500743	5.911936e-07	1.950308e-07
56928.500743	2.127999e-07	5.798122e-09
56929.500743	3.670554e-07	5.319945e-08
56930.500743	5.337564e-07	6.371413e-08
56931.500743	5.281472e-07	1.212208e-08
56932.500743	1.251709e-07	1.155223e-10
56933.500743	2.464998e-07	3.093849e-08
56934.500743	2.784991e-07	3.204022e-08
56935.500743	3.219484e-07	2.818201e-08
56936.500743	1.567357e-07	3.732327e-11
56937.500743	1.374319e-07	9.998979e-09
56938.500743	2.341296e-07	9.130748e-08
56939.500743	1.343716e-07	1.308941e-11
56940.500743	2.908319e-07	1.731605e-07
56941.500743	2.901178e-07	1.525571e-10
56942.500743	3.396336e-07	4.384971e-08
56943.500743	5.752310e-07	1.718716e-07
56944.500743	4.359485e-07	1.493960e-07
56945.500743	3.598604e-07	1.535233e-08
56946.500743	9.302621e-07	2.486280e-07
56947.500743	1.270238e-07	1.211648e-10
56948.500743	2.927405e-07	4.113106e-08
56949.500743	5.509243e-08	2.178382e-11
56950.500743	8.135805e-08	4.877329e-11
56951.500743	1.151133e-07	2.496847e-08
56952.500743	8.174587e-08	1.197431e-10
56953.500743	1.501141e-07	2.532881e-09
56954.500743	1.185633e-07	3.076236e-10
56955.500743	2.448307e-07	1.801641e-08
56956.500743	7.729507e-07	2.478254e-07
56957.500743	5.257160e-07	6.029378e-08
56958.500743	1.719060e-07	1.110846e-11
56959.500743	5.873296e-07	3.256980e-08
56960.500743	9.853005e-08	3.376981e-11
56961.500743	1.299614e-07	4.397188e-12
56962.500743	4.337948e-07	1.713692e-07
56963.500743	8.138977e-07	2.346108e-07
56964.500743	5.394773e-08	1.256726e-11
56965.500743	1.043788e-06	1.794703e-07
56966.500743	8.693276e-07	2.506725e-07
56967.500743	1.120298e-07	3.133764e-09
56968.500743	1.219314e-07	1.820218e-08
56969.500743	7.392197e-08	2.461760e-12
56970.500743	4.759092e-08	1.081168e-11
56971.500743	7.946046e-08	1.401824e-11
56972.500743	5.258660e-08	3.309990e-11
56973.500743	1.383005e-07	1.450789e-10
56974.500743	7.040119e-08	5.335518e-13
56975.500743	4.623049e-07	7.879059e-08
56976.500743	8.902440e-08	1.465932e-11
56977.500743	1.539590e-07	4.493581e-09
56978.500743	1.168781e-07	2.177984e-09
56979.500743	1.537860e-07	2.574784e-09
56980.500743	3.351703e-07	4.934974e-08
56981.500743	3.461379e-07	5.843248e-08
56982.500743	2.062249e-07	6.846248e-08
56983.500743	3.362058e-07	7.394766e-08
56984.500743	1.728685e-07	4.316948e-10
56985.500743	1.660641e-07	2.230560e-08
56986.500743	3.446556e-07	4.382284e-08
56987.500743	4.394794e-07	1.410433e-07
56988.500743	1.097646e-07	1.268286e-11
56989.500743	1.247960e-07	2.342790e-09
56990.500743	1.157246e-07	3.486899e-13
56991.500743	1.496319e-07	2.251772e-08
56992.500743	6.382294e-07	1.110060e-07
56993.500743	7.874748e-08	2.500304e-11
56994.500743	1.741348e-07	4.276368e-11
56995.500743	2.100243e-07	2.190243e-08
56996.500743	2.060444e-07	5.506032e-09
56997.500743	9.963733e-08	7.190575e-11
56998.500743	7.876691e-08	5.756712e-12
56999.500743	4.426966e-07	1.494186e-07
57000.500743	4.564646e-07	1.503708e-07
57001.500743	6.041540e-08	6.928460e-11
57002.500743	2.435100e-07	8.143957e-08
57003.500743	7.631140e-07	1.847739e-08
57004.500743	6.034371e-07	9.264366e-08
57005.500743	2.157265e-07	6.549936e-08
57006.500743	1.264779e-07	4.475874e-08
57007.500743	6.405037e-07	2.127202e-07
57008.500743	5.143381e-07	1.935420e-07
57009.500743	5.805592e-07	5.719211e-08
57010.500743	8.429158e-08	4.612649e-11
57011.500743	3.008543e-07	3.372052e-08
57012.500743	1.501743e-07	2.005899e-08
57013.500743	1.545851e-07	2.048633e-08
57014.500743	4.424124e-08	3.081035e-11
57015.500743	4.460345e-07	8.837817e-08
57016.500743	2.109223e-07	2.902432e-08
57017.500743	3.186034e-07	9.682473e-08
57018.500743	1.329972e-07	2.162632e-08
57019.500743	1.495386e-07	4.523908e-10
57020.500743	3.098594e-07	4.390932e-08
57021.500743	1.565730e-07	1.307444e-10
57022.500743	4.247083e-07	5.058246e-08
57023.500743	1.393812e-07	2.043210e-09
57024.500743	1.484782e-07	4.875366e-09
57025.500743	6.831640e-07	2.201987e-07
57026.500743	2.885853e-07	9.648352e-08
57027.500743	2.782708e-07	2.126388e-08
57028.500743	1.398236e-07	2.761988e-10
57029.500743	7.717896e-07	2.576762e-07
57030.500743	3.976237e-07	1.586150e-07
57031.500743	5.278968e-07	5.205733e-08
57032.500743	5.347420e-08	1.395281e-11
57033.500743	1.788454e-07	1.008500e-10
57034.500743	3.366748e-07	1.268627e-07
57035.500743	1.255843e-07	7.902452e-12
57036.500743	1.536497e-07	1.361932e-09
57037.500743	7.182212e-08	1.397354e-10
57038.500743	1.616380e-07	1.004300e-10
57039.500743	3.868826e-07	1.531879e-07
57040.500743	2.386484e-07	2.654216e-08
57041.500743	1.642261e-07	1.851126e-10
57042.500743	4.204341e-07	1.225151e-07
57043.500743	1.706240e-07	2.321119e-08
57044.500743	1.532561e-07	1.088824e-11
57045.500743	4.076780e-07	1.175606e-07
57046.500743	1.187209e-07	5.812004e-11
57047.500743	3.372506e-07	1.272729e-07
57048.500743	1.542697e-07	2.545717e-08
57049.500743	4.801334e-07	1.416950e-08
57050.500743	2.235356e-07	6.234969e-08
57051.500743	5.682916e-07	5.185612e-08
57052.500743	3.264063e-07	4.619054e-08
57053.500743	1.768815e-07	1.189540e-09
57054.500743	5.706827e-07	1.666748e-07
57055.500743	3.434700e-07	7.827950e-08
57056.500743	2.780316e-07	3.255593e-08
57057.500743	3.691607e-07	5.117658e-08
57058.500743	5.456092e-07	1.861585e-07
57059.500743	2.774703e-07	2.750778e-08
57060.500743	1.874705e-07	1.948525e-08
57061.500743	1.177605e-07	3.441629e-11
57062.500743	4.447289e-07	1.969231e-07
57063.500743	1.741371e-07	3.090715e-10
57064.500743	3.113643e-07	9.338403e-08
57065.500743	6.501386e-07	1.090088e-07
57066.500743	1.202563e-07	1.831665e-09
57067.500743	9.125847e-07	2.505799e-08
57068.500743	4.756879e-07	9.005872e-08
57069.500743	4.754035e-07	5.326287e-08
57070.500743	3.616555e-07	4.361366e-08
57071.500743	3.750821e-07	1.377938e-07
57072.500743	9.312498e-07	2.553943e-07
57073.500743	1.702915e-07	1.977369e-08
57074.500743	1.465341e-07	1.284921e-08
57075.500743	2.839024e-07	3.246712e-08
57076.500743	6.174718e-07	2.077845e-07
57077.500743	3.249933e-07	1.182594e-07
57078.500743	8.035279e-08	1.110749e-11
57079.500743	8.275946e-07	2.186994e-07
57080.500743	3.760811e-07	6.657660e-08
57081.500743	2.529436e-07	2.612134e-08
57082.500743	1.918890e-07	1.502791e-08
57083.500743	1.430690e-07	7.796446e-11
57084.500743	6.953183e-07	4.623142e-08
57085.500743	3.141036e-07	8.872813e-08
57086.500743	1.566814e-07	2.721573e-08
57087.500743	5.672418e-07	5.149371e-08
57088.500743	1.662813e-07	1.753600e-08
57089.500743	1.094594e-07	2.384321e-12
57090.500743	5.413634e-07	9.949186e-08
57091.500743	3.917730e-07	6.914741e-08
57092.500743	4.856764e-07	7.305091e-08
57093.500743	4.761708e-07	1.612901e-07
57094.500743	3.859200e-07	5.298419e-08
57095.500743	3.135918e-07	1.555104e-07
57096.500743	1.842145e-07	1.175552e-07
57097.500743	2.882909e-07	2.303386e-08
57098.500743	2.589149e-07	4.037030e-08
57099.500743	3.353122e-07	1.117670e-07
57100.500743	5.851775e-07	1.124755e-08
57101.500743	2.816737e-07	4.693956e-08
57102.500743	2.845669e-07	6.978362e-08
57103.500743	5.757745e-07	5.547052e-08
57104.500743	4.375639e-07	1.036218e-08
57105.500743	6.754771e-07	8.132536e-08
57106.500743	4.435142e-07	4.232527e-08
57107.500743	4.291516e-07	5.189747e-08
57108.500743	8.817676e-07	2.063508e-08
57109.500743	3.301412e-07	6.486574e-08
57110.500743	4.866869e-07	8.362473e-08
57111.500743	2.949512e-07	9.273379e-09
57112.500743	6.105903e-07	9.814519e-08
57113.500743	8.553166e-07	2.658291e-07
57114.500743	3.387698e-07	2.644792e-08
57115.500743	6.300070e-07	1.985820e-07
57116.500743	6.865749e-07	8.153510e-08
57117.500743	4.464740e-07	1.907260e-07
57118.500743	3.654264e-07	2.063375e-06
57119.500743	3.990758e-07	1.055900e-08
57120.500743	7.272145e-07	1.848290e-08
57121.500743	1.047875e-07	9.127487e-11
57122.500743	2.798293e-07	3.540820e-08
57123.500743	5.356185e-07	7.062896e-08
57124.500743	2.734997e-07	3.669275e-08
57125.500743	1.248720e-07	1.391359e-08
57126.500743	1.734166e-07	3.738657e-09
57127.500743	2.611746e-07	4.074318e-08
57128.500743	5.365482e-07	2.210533e-07
57129.500743	2.896194e-07	3.352697e-08
57130.500743	3.692315e-07	1.299218e-07
57131.500743	3.589163e-07	1.204486e-07
57132.500743	3.823402e-07	5.293194e-08
57133.500743	3.427812e-07	5.272838e-08
57134.500743	4.461736e-07	1.403083e-07
57135.500743	1.063497e-07	5.853005e-10
57136.500743	4.029931e-08	8.707749e-12
57137.500743	9.384905e-08	2.519410e-12
57138.500743	1.321659e-07	6.997548e-11
57139.500743	1.685657e-07	4.474069e-08
57140.500743	5.732673e-07	1.570898e-07
57141.500743	5.629769e-07	1.178944e-07
57142.500743	2.730137e-07	3.075110e-08
57143.500743	2.004374e-07	7.248668e-09
57144.500743	9.963753e-08	1.269872e-08
57145.500743	2.762784e-07	4.740509e-08
57146.500743	3.388763e-07	4.539182e-08
57147.500743	1.092927e-07	1.965525e-11
57148.500743	3.912169e-07	6.352234e-08
57149.500743	2.932202e-07	1.242841e-08
57150.500743	1.309130e-07	2.081207e-10
57151.500743	5.908605e-07	8.829473e-08
57152.500743	3.284410e-07	6.442919e-09
57153.500743	9.345037e-08	1.172484e-10
57154.500743	3.775110e-07	6.118512e-08
57155.500743	1.556367e-07	2.783630e-08
57156.500743	5.424117e-07	1.559632e-07
57157.500743	1.746535e-07	7.393427e-10
57158.500743	1.622800e-07	3.048878e-08
57159.500743	6.093564e-07	1.422951e-08
57160.500743	1.191443e-07	1.957747e-08
57161.500743	4.438245e-07	1.545240e-07
57162.500743	2.987031e-07	6.373513e-08
57163.500743	2.486741e-07	3.349741e-08
57164.500743	7.240713e-08	4.350700e-10
57165.500743	1.526338e-07	1.678576e-08
57166.500743	7.723936e-07	2.193098e-08
57167.500743	5.809188e-07	2.053861e-07
57168.500743	1.901439e-07	6.337258e-11
57169.500743	2.983796e-07	1.069869e-07
57170.500743	3.793970e-07	5.115517e-08
57171.500743	6.184278e-07	2.001715e-07
57172.500743	5.715158e-07	1.972492e-07
57173.500743	1.178704e-07	5.718925e-10
57174.500743	2.972182e-07	2.011863e-08
57175.500743	2.385359e-07	6.677388e-08
57176.500743	9.661229e-08	1.705664e-10
57177.500743	3.949912e-07	7.166478e-08
57178.500743	6.352590e-07	2.215387e-07
57179.500743	4.413522e-07	8.511439e-08
57180.500743	1.552287e-07	3.557568e-08
57181.500743	4.135667e-07	1.154960e-07
57182.500743	1.184755e-07	1.148478e-08
57183.500743	7.813957e-08	2.728947e-11
57184.500743	1.744114e-07	2.440084e-08
57185.500743	5.542778e-07	1.766519e-07
57186.500743	1.443362e-07	2.193418e-09
57187.500743	4.409108e-07	5.067909e-08
57188.500743	5.363438e-08	8.994021e-11
57189.500743	7.269920e-07	2.109076e-07
57190.500743	5.786753e-07	1.307382e-07
57191.500743	6.743392e-08	4.142714e-12
57192.500743	1.509890e-07	1.423719e-09
57193.500743	1.658581e-07	1.645769e-08
57194.500743	4.315983e-07	1.417437e-07
57195.500743	6.496566e-07	1.830562e-07
57196.500743	6.336130e-07	1.986226e-07
57197.500743	1.236547e-07	6.121145e-11
57198.500743	1.028831e-07	1.046481e-09
57199.500743	1.226634e-07	4.592140e-09
57200.500743	2.742358e-07	9.894608e-08
57201.500743	9.235603e-08	3.654775e-10
57202.500743	1.167034e-07	3.954815e-09
57203.500743	2.841432e-07	8.025602e-08
57204.500743	2.466889e-07	2.184351e-08
57205.500743	2.484396e-07	7.789355e-08
57206.500743	2.453658e-07	3.165403e-08
57207.500743	1.420462e-07	5.268781e-09
57208.500743	8.394439e-08	4.280630e-10
57209.500743	4.624347e-07	5.933100e-08
57210.500743	5.132559e-07	6.946080e-08
57211.500743	4.080252e-07	5.174430e-08
57212.500743	3.680884e-07	4.999464e-08
57213.500743	1.376636e-07	4.468335e-08
57214.500743	2.983999e-07	6.234036e-08
57215.500743	2.312444e-07	9.314022e-08
57216.500743	5.745795e-07	1.544092e-07
57217.500743	7.257570e-07	1.937405e-07
57218.500743	5.306539e-07	8.441942e-08
57219.500743	1.932847e-07	7.272883e-08
57220.500743	2.554648e-07	1.036740e-07
57221.500743	3.565062e-07	6.320240e-09
57222.500743	3.140184e-07	5.224181e-08
57223.500743	3.067543e-07	2.193452e-08
57224.500743	3.900203e-07	9.675727e-09
57225.500743	4.888402e-07	1.696441e-07
57226.500743	2.947478e-07	4.196802e-08
57227.500743	1.687544e-07	2.175323e-08
57228.500743	7.989034e-07	1.848385e-07
57229.500743	7.301448e-07	7.900773e-08
57230.500743	1.080014e-07	6.743271e-11
57231.500743	3.713287e-07	2.914970e-08
57232.500743	5.574919e-07	1.268016e-07
57233.500743	6.959992e-07	6.801586e-08
57234.500743	7.503067e-07	5.246251e-08
57235.500743	7.382180e-07	8.503005e-08
57236.500743	3.535745e-07	1.819016e-07
57237.500743	4.840232e-07	8.681926e-08
57238.500743	6.981510e-07	6.519516e-08
57239.500743	4.322438e-07	6.536022e-08
57240.500743	7.779424e-07	6.577069e-08
57241.500743	4.235885e-07	1.512268e-07
57242.500743	4.828793e-07	4.221942e-08
57243.500743	5.372839e-07	4.461679e-08
57244.500743	3.215378e-07	1.044871e-08
57245.500743	4.965390e-07	4.656254e-08
57246.500743	5.157570e-07	6.165472e-08
57247.500743	3.728991e-07	1.192592e-07
57248.500743	3.351269e-07	7.443753e-08
57249.500743	1.522009e-07	1.611629e-08
57250.500743	2.961116e-07	2.896948e-08
57251.500743	5.909801e-07	6.399922e-08
57252.500743	1.997625e-07	6.729508e-08
57253.500743	4.898304e-07	9.898351e-08
57254.500743	1.631869e-07	5.366629e-11
57255.500743	4.286412e-07	1.148896e-08
57256.500743	3.639203e-07	7.267733e-09
57257.500743	3.647642e-07	1.077018e-07
57258.500743	1.993880e-07	4.022625e-08
57259.500743	2.920796e-07	1.861060e-08
57260.500743	2.077179e-07	7.237250e-08
57261.500743	1.541855e-07	1.835282e-08
57262.500743	2.295219e-07	9.766708e-09
57263.500743	3.903953e-07	1.152421e-07
57264.500743	4.365113e-07	9.781055e-09
57265.500743	2.136407e-07	8.323634e-08
57266.500743	2.831794e-07	8.484303e-08
57267.500743	1.273571e-07	1.862612e-08
57268.500743	2.412638e-07	8.312908e-08
57269.500743	2.710919e-07	5.745838e-08
57270.500743	4.226208e-07	6.429485e-08
57271.500743	1.209427e-07	3.523169e-08
57272.500743	2.468531e-07	8.543947e-08
57273.500743	4.333674e-07	1.248019e-07
57274.500743	3.638663e-07	1.223320e-07
57275.500743	2.121444e-07	2.575600e-07
57276.500743	3.657649e-07	1.138074e-07
57277.500743	1.100461e-07	5.813019e-09
57278.500743	2.853325e-07	4.698656e-08
57279.500743	2.353861e-07	3.160977e-08
57280.500743	4.825397e-07	5.225528e-08
57281.500743	6.214071e-07	1.507430e-08
57282.500743	1.596756e-07	1.969556e-08
57283.500743	1.511139e-07	1.781215e-08
57284.500743	2.668857e-07	2.803275e-08
57285.500743	1.061777e-07	1.559510e-09
57286.500743	3.993077e-07	1.158662e-07
57287.500743	4.229027e-07	2.537533e-08
57288.500743	1.038166e-07	3.571261e-08
57289.500743	3.260437e-07	4.017890e-08
57290.500743	1.113756e-07	1.166068e-12
57291.500743	3.928676e-07	5.378401e-08
57292.500743	3.845610e-07	4.422961e-08
57293.500743	1.788193e-07	2.441349e-08
57294.500743	1.271220e-07	1.508146e-08
57295.500743	2.608575e-07	5.816235e-08
57296.500743	3.111328e-07	9.403917e-08
57297.500743	2.585998e-07	6.301633e-08
57298.500743	2.550364e-07	3.696490e-08
57299.500743	1.317370e-07	4.019978e-08
57300.500743	2.702056e-07	1.263094e-07
57301.500743	2.568815e-07	3.498629e-08
57302.500743	4.165367e-07	5.500599e-08
57303.500743	3.595576e-07	1.042954e-07
57304.500743	1.231389e-07	1.728548e-08
57305.500743	3.465662e-07	1.163590e-07
57306.500743	2.328905e-07	4.366419e-08
57307.500743	4.311883e-07	1.282313e-07
57308.500743	6.405795e-07	4.741514e-08
57309.500743	1.835561e-07	6.359488e-08
57310.500743	1.084526e-07	5.056130e-11
57311.500743	1.768285e-07	6.133784e-08
57312.500743	1.612651e-07	1.190144e-08
57313.500743	3.644402e-07	5.221205e-08
57314.500743	1.478326e-07	1.205394e-08
57315.500743	4.859245e-07	1.093714e-08
57316.500743	1.092437e-07	5.286759e-09
57317.500743	1.070916e-07	2.973740e-08
57318.500743	1.043821e-07	8.830234e-11
57319.500743	6.894183e-07	5.850374e-08
57320.500743	5.536431e-07	1.224201e-08
57321.500743	2.682226e-07	2.573003e-08
57322.500743	1.216178e-07	8.846852e-10
57323.500743	2.149953e-07	8.070025e-08
57324.500743	7.123048e-07	6.152464e-08
57325.500743	1.300123e-07	4.542947e-09
57326.500743	4.008289e-07	1.043414e-08
57327.500743	3.263930e-07	4.841148e-08
57328.500743	7.444411e-08	1.073930e-08
57329.500743	3.658858e-07	8.338320e-09
57330.500743	2.924510e-07	1.085931e-08
57331.500743	3.426731e-07	6.261128e-08
57332.500743	2.284460e-07	5.929773e-09
57333.500743	7.658937e-08	2.674521e-12
57334.500743	2.794185e-07	2.184290e-08
57335.500743	1.976428e-07	3.776181e-08
57336.500743	7.954711e-08	3.127335e-11
57337.500743	1.921805e-07	2.780480e-08
57338.500743	4.075383e-07	4.787566e-08
57339.500743	1.749953e-07	1.831615e-09
57340.500743	4.807792e-07	5.814644e-08
57341.500743	3.664280e-07	3.917495e-08
57342.500743	4.765438e-07	7.105584e-08
57343.500743	2.391185e-07	4.711776e-08
57344.500743	4.202915e-07	9.685607e-09
57345.500743	1.794198e-07	1.864526e-08
57346.500743	2.605333e-07	7.812714e-08
57347.500743	5.419462e-07	1.336480e-07
57348.500743	5.474355e-07	4.354813e-08
57349.500743	4.304343e-07	6.710729e-08
57350.500743	3.409288e-07	6.579643e-08
57351.500743	3.034540e-07	2.668776e-08
57352.500743	5.547921e-07	1.188079e-08
57353.500743	3.595279e-07	5.530992e-08
57354.500743	5.516761e-07	1.179674e-08
57355.500743	3.712608e-07	2.067612e-08
57356.500743	6.711561e-07	1.310105e-08
57357.500743	4.395236e-07	4.673569e-08
57358.500743	2.600228e-07	1.034946e-08
57359.500743	3.918088e-07	5.986277e-08
57360.500743	4.104759e-07	8.592030e-09
57361.500743	6.397360e-07	1.711937e-08
57362.500743	5.851538e-07	1.100841e-08
57363.500743	5.303280e-07	1.300732e-07
57364.500743	3.435189e-07	8.385123e-08
57365.500743	3.170102e-07	3.302431e-08
57366.500743	4.393920e-07	4.700865e-08
57367.500743	6.023721e-07	5.453728e-08
57368.500743	3.989186e-07	2.132150e-08
57369.500743	3.565758e-07	1.077460e-08
57370.500743	1.415151e-07	1.714309e-08
57371.500743	1.960967e-07	3.132811e-08
57372.500743	4.840428e-07	1.142741e-07
57373.500743	5.554282e-07	4.514914e-08
57374.500743	3.764086e-07	7.508662e-09
57375.500743	2.177844e-07	4.390650e-08
57376.500743	4.045187e-07	4.406585e-08
57377.500743	4.221944e-07	5.019231e-08
57378.500743	4.491590e-07	8.463229e-08
57379.500743	1.732252e-07	6.375961e-08
57380.500743	2.641521e-07	2.384429e-08
57381.500743	4.418174e-07	1.431021e-07
57382.500743	2.296683e-07	4.827868e-08
57383.500743	3.310390e-07	8.374023e-09
57384.500743	6.363528e-07	1.791991e-07
57385.500743	2.699194e-07	9.986391e-08
57386.500743	1.730013e-07	6.205990e-08
57387.500743	2.326151e-07	2.059984e-08
57388.500743	1.043105e-07	1.700363e-08
57389.500743	4.579648e-07	7.076917e-08
57390.500743	1.859129e-07	5.623252e-09
57391.500743	3.133695e-07	5.423832e-08
57392.500743	2.804910e-07	6.510714e-08
57393.500743	4.108620e-07	8.199044e-08
57394.500743	3.031453e-07	4.532599e-08
57395.500743	6.029919e-07	8.933901e-08
57396.500743	2.596236e-07	1.571465e-08
57397.500743	6.019771e-07	9.599354e-09
57398.500743	2.997086e-07	2.073243e-08
57399.500743	3.339074e-07	8.139757e-09
57400.500743	3.643445e-07	8.404871e-09
57401.500743	1.922053e-07	1.955369e-08
57402.500743	3.669809e-07	5.042561e-08
57403.500743	5.483026e-07	9.201314e-09
57404.500743	3.667207e-07	4.435451e-08
57405.500743	2.853732e-07	3.058855e-08
57406.500743	2.582171e-07	5.726764e-08
57407.500743	5.668792e-07	4.844140e-08
57408.500743	2.894598e-07	6.732344e-09
57409.500743	1.980792e-07	6.131601e-09
57410.500743	7.567875e-08	1.021462e-11
57411.500743	4.098530e-07	4.255667e-08
57412.500743	1.615408e-07	4.857329e-09
57413.500743	2.640904e-07	3.409891e-08
57414.500743	4.857376e-07	1.473791e-07
57415.500743	1.053464e-07	4.518113e-11
57416.500743	3.853682e-07	6.689858e-08
57417.500743	3.798374e-07	4.996935e-08
57418.500743	2.919796e-07	7.196865e-08
57419.500743	3.187971e-07	1.108084e-08
57420.500743	1.353399e-07	1.194386e-11
57421.500743	3.155351e-07	3.750957e-08
57422.500743	1.446463e-07	6.923819e-09
57423.500743	4.199268e-07	4.850382e-08
57424.500743	3.919303e-07	1.217581e-07
57425.500743	2.980393e-07	3.255070e-08
57426.500743	3.047877e-07	1.403449e-07
57427.500743	9.117700e-07	2.083367e-08
57428.500743	3.389925e-07	1.118364e-07
57429.500743	2.739362e-07	8.385696e-08
57430.500743	5.086091e-07	4.434636e-08
57431.500743	5.465754e-07	7.195155e-08
57432.500743	2.233680e-07	7.374528e-09
57433.500743	3.928471e-07	1.177321e-07
57434.500743	2.755186e-07	6.485181e-09
57435.500743	1.303322e-07	6.309501e-10
57436.500743	3.111151e-07	1.013215e-07
57437.500743	1.927403e-07	2.903346e-08
57438.500743	3.596174e-07	9.007268e-08
57439.500743	1.800428e-07	7.085355e-09
57440.500743	1.301434e-07	1.973145e-08
57441.500743	3.060189e-07	1.086689e-07
57442.500743	5.598519e-07	5.716481e-08
57443.500743	4.814958e-07	1.348034e-07
57444.500743	3.892254e-07	1.120023e-08
57445.500743	1.275118e-07	1.487527e-08
57446.500743	2.411683e-07	2.041402e-08
57447.500743	2.337972e-07	3.224442e-08
57448.500743	1.081751e-07	2.023451e-10
57449.500743	5.355516e-07	9.739908e-09
57450.500743	2.671765e-07	3.482441e-08
57451.500743	2.535729e-07	1.552847e-08
57452.500743	4.922094e-07	1.778507e-08
57453.500743	2.678750e-07	8.375044e-08
57454.500743	1.417973e-07	1.777519e-08
57455.500743	1.429165e-07	5.675844e-09
57456.500743	1.232817e-07	4.153523e-08
57457.500743	2.439556e-07	2.919595e-08
57458.500743	2.236147e-07	2.568895e-08
57459.500743	3.444159e-07	3.330706e-08
57460.500743	3.562553e-07	7.320853e-08
57461.500743	4.450483e-07	1.084023e-07
57462.500743	1.227484e-07	1.982971e-10
57463.500743	4.440305e-07	5.488812e-08
57464.500743	2.141712e-07	3.852631e-08
57465.500743	2.770719e-07	3.633004e-08
57466.500743	3.193520e-07	5.195972e-08
57467.500743	1.596398e-07	3.914708e-09
57468.500743	3.284333e-07	3.255916e-08
57469.500743	2.919225e-07	5.149768e-08
57470.500743	4.351194e-07	1.176900e-08
57471.500743	4.823238e-07	5.556019e-08
57472.500743	2.659476e-07	8.381652e-08
57473.500743	3.593069e-07	7.617256e-09
57474.500743	5.221309e-07	7.299387e-08
57475.500743	3.394334e-07	5.690010e-08
57476.500743	5.122499e-07	9.484201e-09
57477.500743	1.688215e-07	1.868126e-08
57478.500743	3.166644e-07	1.008621e-07
57479.500743	1.860449e-07	3.114820e-08
57480.500743	1.825792e-07	5.595454e-09
57481.500743	9.140685e-08	1.017626e-09
57482.500743	4.136695e-07	6.319226e-08
57483.500743	6.380230e-07	2.868321e-08
57484.500743	4.732871e-07	4.695110e-08
57485.500743	3.921013e-07	1.503489e-07
57486.500743	2.009614e-07	5.650936e-08
57487.500743	2.504099e-07	1.806471e-08
57488.500743	7.192965e-07	5.587911e-08
57489.500743	3.114762e-07	8.921527e-08
57490.500743	4.190658e-07	7.105699e-08
57491.500743	2.450984e-07	4.044419e-08
57492.500743	4.195880e-07	6.772836e-08
57493.500743	2.821196e-07	1.073037e-07
57494.500743	3.799553e-07	8.206157e-09
57495.500743	1.524531e-07	6.127172e-12
57496.500743	7.954507e-07	1.954405e-07
57497.500743	5.255171e-07	4.799517e-08
57498.500743	5.204105e-07	1.587355e-08
57499.500743	1.887968e-07	4.778189e-08
57500.500743	6.217164e-08	1.181817e-11
57501.500743	1.490559e-07	6.123873e-10
57502.500743	2.255826e-07	5.733046e-09
57503.500743	3.407830e-07	1.351238e-07
57504.500743	2.421357e-07	7.314889e-09
57505.500743	9.107467e-08	1.287379e-10
57506.500743	2.388219e-07	3.211268e-08
57507.500743	1.506715e-07	3.620186e-08
57508.500743	8.186188e-08	2.378320e-12
57509.500743	9.516376e-08	8.703548e-11
57510.500743	2.372657e-07	5.495614e-08
57511.500743	9.841516e-08	1.798784e-09
57512.500743	3.315536e-07	3.138504e-08
57513.500743	4.110402e-07	1.209108e-07
57514.500743	3.837575e-07	8.422466e-09
57515.500743	1.001133e-07	7.894217e-10
57516.500743	7.835901e-08	1.728418e-11
57517.500743	5.205030e-07	4.806730e-08
57518.500743	7.464868e-08	3.814909e-10
57519.500743	9.235440e-08	5.349566e-11
57520.500743	1.750992e-07	3.039664e-09
57521.500743	1.121005e-07	3.364829e-08
57522.500743	3.356244e-07	1.014224e-07
57523.500743	8.382505e-08	1.326853e-09
57524.500743	3.559589e-07	4.324798e-08
57525.500743	1.244091e-07	1.839861e-10
57526.500743	1.678479e-07	3.310685e-08
57527.500743	9.873469e-08	6.787054e-09
57528.500743	1.950604e-07	6.758953e-08
57529.500743	6.261841e-07	1.625218e-07
57530.500743	4.470515e-07	1.047619e-07
57531.500743	3.367278e-07	3.916672e-08
57532.500743	4.411489e-07	4.596869e-08
57533.500743	1.827098e-07	2.926661e-08
57534.500743	1.993525e-07	3.261315e-08
57535.500743	2.939205e-07	3.763893e-08
57536.500743	3.089986e-07	4.365991e-08
57537.500743	1.539396e-07	2.690181e-09
57538.500743	1.798783e-07	1.986585e-08
57539.500743	3.675416e-07	7.062936e-08
57540.500743	2.135065e-07	2.696035e-08
57541.500743	1.488513e-07	2.606118e-08
57542.500743	1.076895e-07	1.844445e-11
57543.500743	1.953011e-07	4.180759e-09
57544.500743	3.128661e-07	7.684875e-08
57545.500743	2.473789e-07	9.343020e-08
57546.500743	2.388034e-07	1.033335e-07
57547.500743	1.964867e-07	1.961334e-08
57548.500743	3.192524e-07	6.821426e-08
57549.500743	4.676442e-07	1.325954e-08
57550.500743	2.618794e-07	3.734012e-08
57551.500743	1.946449e-07	2.323283e-08
57552.500743	1.707939e-07	1.408806e-08
57553.500743	2.370286e-07	6.720206e-09
57554.500743	2.192557e-07	2.787789e-08
57555.500743	2.729551e-07	3.951097e-08
57556.500743	4.633100e-07	6.210238e-08
57557.500743	1.042779e-07	1.655560e-09
57558.500743	1.787352e-07	7.934387e-08
57559.500743	4.099826e-07	5.438832e-08
57560.500743	1.609638e-07	3.326907e-09
57561.500743	3.301949e-07	1.029559e-07
57562.500743	3.420772e-07	4.828065e-08
57563.500743	3.795029e-07	3.394666e-08
57564.500743	3.433103e-07	4.560358e-08
57566.500743	1.842437e-07	2.976399e-09
57567.500743	2.237783e-07	4.278283e-08
57568.500743	2.869851e-07	4.582375e-08
57569.500743	1.207068e-07	2.634536e-09
57570.500743	3.192337e-07	9.853339e-08
57571.500743	3.427385e-07	3.847452e-08
57572.500743	8.095763e-08	2.009682e-11
57573.500743	6.555042e-08	6.072530e-11
57574.500743	1.282718e-07	2.113488e-08
57575.500743	1.725034e-07	3.647624e-09
57576.500743	3.159688e-07	1.028554e-07
57577.500743	1.766616e-07	2.641748e-08
57578.500743	1.959145e-07	6.244727e-09
57579.500743	3.593254e-07	9.830705e-08
57580.500743	3.880698e-07	4.651663e-08
57581.500743	1.897865e-07	6.743466e-08
57582.500743	6.046293e-07	6.305930e-08
57583.500743	5.868824e-07	1.588629e-07
57584.500743	5.258861e-07	1.369945e-07
57585.500743	1.408316e-07	1.661858e-08
57586.500743	8.739437e-08	2.130035e-10
57587.500743	1.577601e-07	2.267109e-08
57588.500743	1.351328e-07	1.865303e-08
57589.500743	9.371445e-08	2.510490e-11
57590.500743	1.482446e-07	1.327041e-11
57591.500743	5.129904e-07	1.021655e-08
57592.500743	2.183685e-07	6.919911e-08
57593.500743	6.368552e-07	1.766368e-07
57594.500743	4.737457e-07	1.497315e-07
57595.500743	4.496677e-07	5.519717e-08
57596.500743	9.129838e-07	1.760726e-08
57597.500743	5.161211e-07	7.062071e-08
57598.500743	6.377629e-07	1.260927e-08
57599.500743	8.701828e-07	8.074826e-08
57600.500743	1.830152e-07	4.921522e-08
57601.500743	5.248548e-07	5.718328e-08
57602.500743	8.157384e-07	1.402587e-08
57603.500743	1.097381e-06	1.531565e-07
57604.500743	8.380107e-07	1.761978e-07
57605.500743	1.302593e-06	8.421540e-08
57606.500743	3.190854e-07	9.618557e-09
57607.500743	1.717248e-06	3.017156e-08
57608.500743	1.211451e-06	1.644099e-07
57609.500743	2.001016e-07	6.903536e-09
57610.500743	7.293291e-07	7.388937e-08
57611.500743	2.522557e-07	5.053794e-08
57612.500743	2.332156e-07	8.864568e-08
57613.500743	6.457817e-08	4.676348e-11
57614.500743	8.218201e-08	2.825882e-11
57615.500743	2.786201e-07	8.763446e-08
57616.500743	2.169570e-07	3.480423e-08
57617.500743	6.891651e-08	1.935408e-12
57618.500743	2.460012e-07	6.104214e-09
57619.500743	3.449839e-07	1.257166e-07
57620.500743	2.418219e-07	5.519307e-08
57621.500743	2.108057e-07	7.595672e-08
57622.500743	1.811118e-07	2.291092e-08
57623.500743	3.149610e-07	5.599639e-08
57624.500743	1.374204e-07	6.987551e-11
57625.500743	1.791438e-07	2.096101e-08
57626.500743	3.061656e-07	5.444904e-08
57627.500743	4.878106e-07	1.427142e-07
57628.500743	2.846076e-07	8.497283e-08
57629.500743	1.810673e-07	2.892446e-08
57630.500743	4.147445e-07	1.503873e-07
57631.500743	2.846521e-07	3.916799e-08
57632.500743	1.455740e-07	7.284287e-11
57633.500743	4.470382e-07	1.013641e-07
57634.500743	4.532869e-07	6.711629e-08
57635.500743	1.390521e-07	6.986081e-09
57636.500743	1.353706e-07	3.294343e-11
57637.500743	7.270095e-08	9.935912e-12
57638.500743	1.348956e-07	2.716350e-12
57639.500743	2.965625e-07	1.069271e-07
57640.500743	2.570005e-07	3.689742e-08
57641.500743	9.946726e-08	2.324669e-09
57642.500743	1.536563e-07	4.411929e-08
57643.500743	2.756396e-07	1.033872e-07
57644.500743	2.699548e-07	3.229236e-08
57645.500743	1.494632e-07	6.155359e-08
57646.500743	1.620840e-07	1.391987e-08
57647.500743	1.900243e-07	2.808086e-08
57648.500743	2.396801e-07	9.992878e-08
57649.500743	3.849823e-07	3.912945e-08
57650.500743	1.236832e-07	1.192384e-08
57651.500743	1.052018e-07	3.231961e-09
57652.500743	9.566676e-08	1.309948e-10
57653.500743	2.949168e-07	5.760852e-08
57654.500743	8.998138e-08	1.012373e-11
57655.500743	3.472188e-07	8.818451e-08
57656.500743	1.093537e-07	9.260933e-09
57657.500743	1.646493e-07	5.976146e-11
57658.500743	3.418065e-07	8.272496e-08
57659.500743	6.425053e-08	9.910058e-12
57660.500743	9.880817e-08	3.409255e-11
57661.500743	1.204230e-07	1.673603e-08
57662.500743	1.916057e-07	2.059071e-08
57663.500743	1.447247e-07	1.146080e-09
57664.500743	5.014546e-07	6.375834e-08
57665.500743	2.854296e-07	5.177107e-08
57666.500743	5.395715e-07	3.946885e-08
57667.500743	1.395650e-07	4.924884e-09
57668.500743	1.911914e-07	4.221247e-08
57669.500743	7.748870e-08	1.708146e-09
57670.500743	1.236215e-07	2.324773e-08
57671.500743	2.203014e-07	4.422976e-08
57672.500743	2.881641e-07	3.313768e-08
57673.500743	1.187335e-07	7.682237e-11
57674.500743	3.688917e-07	1.652806e-07
57675.500743	1.076334e-07	1.883695e-10
57676.500743	1.905540e-07	2.668812e-08
57677.500743	9.677068e-08	9.602250e-09
57678.500743	1.415216e-07	2.544499e-08
57679.500743	1.272822e-07	2.233971e-08
57680.500743	1.239008e-07	1.674378e-08
57681.500743	3.891221e-07	9.536143e-09
57682.500743	1.430015e-07	1.937266e-08
57683.500743	2.442867e-07	8.683240e-09
57684.500743	6.947804e-07	2.355391e-08
57685.500743	1.200105e-07	3.822334e-10
57686.500743	2.587196e-07	6.186653e-09
57687.500743	5.847839e-07	1.003941e-07
57688.500743	4.301860e-07	1.061851e-08
57689.500743	1.205784e-07	6.553520e-11
57690.500743	1.267583e-07	3.577677e-12
57691.500743	1.802865e-07	1.959063e-08
57692.500743	2.422585e-07	7.631118e-08
57693.500743	5.603097e-07	1.542881e-07
57694.500743	9.313292e-08	2.299553e-11
57695.500743	4.315368e-07	7.648578e-08
57696.500743	3.499696e-07	7.112097e-08
57697.500743	9.548268e-08	4.546522e-12
57698.500743	2.370454e-07	7.016618e-09
57699.500743	1.771234e-07	9.398932e-10
57700.500743	3.507044e-07	8.879496e-08
57701.500743	4.314170e-07	6.366612e-08
57702.500743	2.085202e-07	4.081212e-08
57703.500743	3.942368e-07	5.998736e-08
57704.500743	3.871701e-07	4.071049e-08
57705.500743	2.792825e-07	5.541502e-09
57706.500743	4.369747e-07	1.107582e-08
57707.500743	3.079826e-07	7.288780e-09
57708.500743	3.375853e-07	6.015942e-09
57709.500743	4.309895e-07	9.925765e-09
57710.500743	7.675518e-08	1.629002e-11
57711.500743	3.641241e-07	8.715763e-09
57712.500743	4.388355e-07	1.367340e-07
57713.500743	7.256123e-07	6.075633e-08
57714.500743	2.894234e-07	3.458860e-08
57715.500743	1.148930e-07	1.112004e-11
57716.500743	8.469357e-08	8.483958e-12
57717.500743	1.451621e-07	4.149752e-08
57718.500743	3.186967e-07	3.001006e-08
57719.500743	1.590500e-07	4.202578e-09
57720.500743	5.708170e-08	5.237455e-12
57721.500743	2.117622e-07	2.549553e-08
57722.500743	3.571955e-07	8.125089e-09
57723.500743	1.991911e-07	4.931459e-09
57724.500743	1.277424e-07	1.041447e-10
57725.500743	2.386072e-07	4.896112e-09
57726.500743	2.078892e-07	4.441379e-08
57727.500743	3.356602e-07	4.701955e-08
57728.500743	3.839677e-07	1.403764e-07
57729.500743	3.265324e-07	4.251305e-08
57730.500743	2.996268e-07	6.202603e-08
57731.500743	1.404858e-07	2.663167e-08
57732.500743	4.091670e-07	1.188255e-07
57733.500743	9.075730e-08	1.553051e-11
57734.500743	1.468185e-07	3.208211e-09
57735.500743	2.898244e-07	9.108236e-09
57736.500743	2.812074e-07	4.631834e-08
57737.500743	1.924747e-07	2.486666e-08
57738.500743	3.675779e-07	1.241073e-07
57739.500743	8.347721e-07	9.125050e-08
57740.500743	3.538758e-07	1.314088e-07
57741.500743	5.197616e-07	1.649274e-07
57742.500743	9.920767e-08	2.112050e-09
57743.500743	1.926841e-07	6.228202e-09
57744.500743	9.721902e-08	4.393088e-13
57745.500743	2.116917e-07	4.241160e-08
57746.500743	5.376248e-07	1.618905e-07
57747.500743	1.213413e-07	1.761286e-10
57748.500743	1.593985e-07	7.705134e-10
57749.500743	1.029513e-07	4.145428e-10
57750.500743	3.070666e-07	3.536215e-08
57751.500743	3.971763e-07	1.391822e-08
57752.500743	2.529796e-07	2.970990e-11
57753.500743	2.726615e-07	4.092131e-08
57754.500743	1.695941e-07	2.692493e-08
57755.500743	1.013677e-07	3.378208e-10
57756.500743	1.203475e-07	3.495665e-09
57757.500743	1.500962e-07	1.170089e-08
57758.500743	2.666398e-07	3.645253e-08
57759.500743	1.365180e-07	5.952690e-07
57760.500743	1.981785e-07	1.903738e-08
57761.500743	4.330599e-07	2.175242e-08
57762.500743	2.159370e-07	2.405821e-08
57763.500743	4.645882e-07	1.050752e-08
57764.500743	8.068428e-08	9.112521e-11
57765.500743	2.068755e-07	8.401195e-08
57766.500743	5.447354e-07	1.664681e-07
57767.500743	2.159563e-07	2.766778e-08
57768.500743	4.877894e-07	7.331152e-08
57769.500743	1.066724e-07	1.459377e-10
57770.500743	1.082886e-07	1.536144e-11
57771.500743	1.047205e-07	3.409253e-08
57772.500743	8.682311e-08	4.636120e-11
57773.500743	2.692612e-07	9.330714e-08
57774.500743	4.802289e-07	9.419166e-08
57775.500743	1.405856e-07	1.059527e-08
57776.500743	3.456731e-07	5.525135e-08
57777.500743	1.491366e-07	3.289214e-09
57778.500743	9.260052e-08	2.559418e-08
57779.500743	3.154961e-07	3.940663e-08
57780.500743	2.455254e-07	3.262769e-08
57781.500743	3.040029e-07	1.595785e-08
57782.500743	3.673761e-07	4.782115e-08
57783.500743	3.684735e-07	1.088348e-08
57784.500743	1.368954e-07	4.750017e-08
57785.500743	3.233125e-07	8.802653e-09
57786.500743	1.316378e-07	1.575359e-08
57787.500743	1.153219e-07	1.451000e-08
57788.500743	3.334877e-07	4.089767e-08
57789.500743	2.049720e-07	2.584018e-08
57790.500743	4.454495e-07	9.509329e-08
57791.500743	2.455722e-07	8.049436e-09
57792.500743	3.944057e-07	8.343716e-08
57793.500743	1.189539e-07	3.108065e-08
57794.500743	1.481473e-07	3.203958e-09
57795.500743	3.970365e-07	6.487357e-08
57796.500743	1.231271e-07	1.790201e-08
57797.500743	4.222214e-07	3.222372e-08
57798.500743	1.747755e-07	9.126797e-11
57799.500743	4.909514e-07	1.415458e-08
57800.500743	1.681239e-07	6.361994e-08
57801.500743	1.587708e-07	2.417704e-10
57802.500743	3.129506e-07	3.114107e-08
57803.500743	1.843600e-07	6.916348e-08
57804.500743	1.223975e-07	2.102161e-10
57805.500743	1.011384e-07	8.135546e-09
57806.500743	2.120694e-07	8.941593e-10
57807.500743	6.873718e-07	1.185362e-08
57808.500743	1.119440e-07	3.817410e-08
57809.500743	3.443139e-07	3.848037e-08
57810.500743	1.400596e-07	2.699177e-08
57811.500743	1.401720e-07	1.285373e-08
57812.500743	3.377030e-07	3.687552e-09
57813.500743	1.696878e-07	5.946210e-08
57814.500743	1.385625e-07	4.233875e-09
57815.500743	3.268684e-07	1.001963e-08
57816.500743	3.471622e-07	1.164882e-08
57817.500743	1.565582e-07	1.690031e-08
57818.500743	3.313177e-07	7.861057e-09
57819.500743	8.292358e-08	3.830801e-09
57820.500743	4.000323e-07	1.126981e-07
57821.500743	5.890717e-07	7.293169e-08
57822.500743	7.685703e-08	7.692176e-11
57823.500743	2.296390e-07	5.226978e-09
57824.500743	3.207753e-07	1.032690e-07
57825.500743	1.378659e-07	6.491542e-10
57826.500743	4.838786e-07	1.309119e-08
57827.500743	9.994800e-08	5.619854e-10
57828.500743	3.370395e-07	5.434848e-08
57829.500743	3.000830e-07	6.192537e-08
57830.500743	1.438195e-07	9.197004e-09
57831.500743	7.981381e-08	3.646463e-08
57832.500743	3.582779e-07	4.443170e-08
57833.500743	2.484871e-07	1.076068e-07
57834.500743	1.063108e-07	1.981364e-08
57835.500743	3.136457e-07	3.565215e-08
57836.500743	1.305200e-07	5.524123e-09
57837.500743	1.302474e-07	3.932728e-10
57838.500743	2.878014e-07	9.225696e-08
57839.500743	4.840639e-07	3.914978e-08
57840.500743	3.224444e-07	1.012597e-08
57841.500743	2.106309e-07	2.713305e-08
57842.500743	2.854064e-07	7.775934e-09
57843.500743	1.370363e-07	4.871456e-08
57844.500743	3.351039e-07	9.989990e-09
57845.500743	1.406428e-07	4.276481e-08
57846.500743	8.000547e-08	9.393704e-09
57847.500743	1.554936e-07	1.422806e-08
57848.500743	9.359819e-08	3.026298e-10
57849.500743	1.671927e-07	2.015530e-08
57850.500743	1.710767e-07	6.904747e-08
57851.500743	7.868927e-08	1.650389e-09
57852.500743	2.190196e-07	4.779072e-09
57853.500743	6.235691e-07	5.375745e-08
57854.500743	2.716906e-07	2.603148e-08
57855.500743	4.397386e-07	5.869633e-08
57856.500743	3.744910e-07	1.235144e-07
57857.500743	6.682946e-08	4.940233e-11
57858.500743	5.326231e-07	1.156586e-08
57859.500743	2.696473e-07	6.285592e-08
57860.500743	1.541089e-07	1.541234e-08
57861.500743	3.776670e-07	7.389263e-09
57862.500743	1.219656e-07	5.524327e-10
57863.500743	3.465313e-07	2.290793e-08
57864.500743	2.654271e-07	4.606792e-08
57865.500743	1.648194e-07	1.254533e-09
57866.500743	4.098878e-07	1.295984e-07
57867.500743	1.046604e-07	4.437933e-12
57868.500743	7.123021e-07	1.145696e-08
57869.500743	3.186041e-07	1.092696e-07
57870.500743	1.990236e-07	3.440727e-08
57871.500743	8.833658e-08	1.276637e-10
57872.500743	9.947409e-08	1.094899e-10
57873.500743	3.424722e-07	3.173163e-08
57874.500743	7.921985e-08	3.670680e-12
57875.500743	5.920381e-08	1.376182e-11
57876.500743	2.842078e-07	5.127556e-08
57877.500743	8.342612e-08	4.986365e-11
57878.500743	6.209140e-08	1.477405e-12
57879.500743	1.123705e-07	6.857125e-11
57880.500743	9.441588e-08	3.692662e-11
57881.500743	2.210183e-07	4.896772e-08
57882.500743	4.620884e-07	4.650629e-08
57883.500743	8.250051e-08	8.178251e-09
57884.500743	7.530427e-08	3.359419e-11
57885.500743	3.225400e-07	8.886722e-09
57886.500743	2.466022e-07	7.053711e-09
57887.500743	2.357813e-07	6.788868e-08
57888.500743	5.962932e-07	4.753347e-08
57889.500743	2.861617e-07	2.822688e-08
57890.500743	1.181935e-07	1.422825e-09
57891.500743	2.485762e-07	1.074071e-08
57892.500743	1.206129e-07	7.458864e-10
57893.500743	2.748096e-07	4.031141e-09
57894.500743	9.005390e-08	1.835925e-10
57895.500743	1.193274e-07	2.461046e-09
57896.500743	1.063200e-07	5.324580e-10
57897.500743	1.019766e-07	2.792759e-10
57898.500743	1.317837e-07	5.414954e-10
57899.500743	2.696007e-07	7.298008e-09
57900.500743	1.234395e-07	5.810160e-12
57901.500743	5.266011e-07	9.749041e-08
57902.500743	2.624942e-07	5.071941e-08
57903.500743	3.284302e-07	4.802709e-08
57904.500743	7.715455e-08	4.878251e-12
57905.500743	3.846947e-07	4.434780e-08
57906.500743	4.527274e-07	4.750452e-08
57907.500743	2.248843e-07	2.376105e-08
57908.500743	1.861195e-07	4.109351e-09
57909.500743	2.619036e-07	2.611208e-08
57910.500743	1.226881e-07	7.057356e-11
57911.500743	1.036315e-07	1.767645e-09
57912.500743	6.439176e-08	2.148015e-12
57913.500743	2.625806e-07	3.988391e-08
57914.500743	1.765874e-07	7.453422e-08
57915.500743	1.133398e-07	3.959433e-10
57916.500743	1.512652e-07	1.624742e-10
57917.500743	1.520248e-07	4.106440e-09
57918.500743	6.393259e-08	1.718778e-11
57919.500743	1.965231e-07	3.377430e-10
57920.500743	1.607396e-07	1.106555e-09
57921.500743	1.193991e-07	2.518582e-09
57922.500743	1.527182e-07	2.869814e-10
57923.500743	1.869635e-07	1.083035e-09
57924.500743	8.755260e-08	1.482790e-09
57926.500743	2.186410e-07	4.810536e-09
57927.500743	2.705532e-07	2.841529e-08
57928.500743	8.114199e-08	3.115731e-11
57929.500743	1.671390e-07	5.641396e-08
57930.500743	5.039290e-07	8.661863e-08
57931.500743	1.107357e-07	4.156700e-08
57932.500743	2.399089e-07	2.393885e-08
57933.500743	2.407821e-07	1.133648e-07
57934.500743	3.157161e-07	8.463445e-09
57935.500743	1.504922e-07	5.195389e-08
57936.500743	1.121480e-07	2.106406e-10
57937.500743	1.577809e-07	2.990796e-08
57938.500743	2.583913e-07	3.602734e-08
57939.500743	2.569483e-07	1.078156e-07
57940.500743	8.788285e-08	4.297478e-12
57941.500743	9.043043e-08	2.149579e-11
57942.500743	4.772909e-07	6.223785e-08
57943.500743	1.962233e-07	2.289787e-08
57944.500743	9.885894e-08	5.456937e-08
57945.500743	6.518522e-08	3.201326e-11
57946.500743	7.814093e-08	3.862696e-11
57947.500743	9.196828e-08	1.254533e-08
57948.500743	1.193738e-07	1.739850e-08
57949.500743	1.538217e-07	4.483489e-10
57950.500743	5.081181e-07	6.477912e-08
57951.500743	1.991380e-07	5.611485e-09
57952.500743	4.064616e-07	5.396368e-08
57953.500743	3.421128e-07	6.227667e-08
57954.500743	5.972334e-08	1.036531e-10
57955.500743	1.408832e-07	3.964984e-09
57956.500743	1.922738e-07	6.871235e-08
57957.500743	1.696428e-07	8.279252e-12
57958.500743	7.652528e-07	6.629069e-08
57959.500743	2.447109e-07	4.685562e-10
57960.500743	1.463578e-07	3.118741e-09
57961.500743	2.309858e-07	2.974228e-10
57962.500743	3.010304e-07	6.326723e-08
57963.500743	2.077317e-07	2.201769e-08
57964.500743	7.289340e-07	2.313438e-07
57965.500743	8.959768e-07	2.074641e-07
57966.500743	5.206045e-07	1.177353e-08
57967.500743	1.075501e-06	2.375281e-07
57968.500743	6.940385e-07	2.108650e-07
57969.500743	4.729516e-07	5.719548e-08
57970.500743	6.577235e-07	6.598335e-08
57971.500743	5.735769e-07	1.726319e-07
57972.500743	1.242193e-07	5.311167e-11
57973.500743	7.648065e-07	8.677574e-08
57974.500743	2.497241e-07	5.945167e-09
57975.500743	3.496679e-07	8.772711e-09
57976.500743	5.326060e-07	7.185371e-08
57977.500743	2.816747e-07	9.837014e-09
57978.500743	4.355670e-07	9.168514e-09
57979.500743	9.862179e-08	1.902596e-09
57980.500743	7.628118e-08	1.059866e-10
57981.500743	4.099224e-07	1.323588e-07
57982.500743	1.403130e-07	3.418637e-11
57983.500743	9.306964e-08	1.238200e-08
57984.500743	4.054748e-07	1.248251e-07
57985.500743	6.275761e-07	1.488549e-08
57986.500743	2.799163e-07	4.354079e-08
57987.500743	4.384252e-07	1.329060e-07
57988.500743	2.722947e-07	8.248774e-09
57989.500743	9.703803e-08	4.475816e-12
57990.500743	2.136008e-07	2.044014e-09
57991.500743	9.536021e-08	7.246014e-11
57992.500743	5.933770e-08	8.601694e-12
57993.500743	1.128739e-07	3.377461e-11
57994.500743	1.206265e-07	2.007887e-09
57995.500743	7.486595e-07	6.974687e-08
57996.500743	1.016718e-07	1.258760e-09
57997.500743	1.148043e-07	1.446105e-08
57998.500743	9.821001e-08	1.969671e-08
57999.500743	2.662896e-07	4.570720e-08
58000.500743	7.515958e-08	1.030534e-12
58001.500743	5.429566e-08	1.749259e-12
58002.500743	1.268065e-07	5.615151e-08
58003.500743	1.403659e-07	2.724639e-08
58004.500743	3.079634e-07	3.306984e-08
58005.500743	3.366966e-07	9.314768e-09
58006.500743	4.934926e-08	6.010214e-12
58007.500743	6.507211e-08	1.840987e-12
58008.500743	4.032539e-07	4.962325e-08
58009.500743	4.943434e-07	7.299881e-08
58010.500743	2.335741e-07	3.706151e-08
58011.500743	1.108965e-07	3.973853e-08
58012.500743	1.906398e-07	1.839793e-08
58013.500743	2.120173e-07	9.097231e-09
58014.500743	1.176778e-07	9.815358e-11
58015.500743	2.400883e-07	4.514115e-08
58016.500743	5.592772e-08	4.441461e-13
58017.500743	2.483291e-07	4.894093e-08
58018.500743	4.705092e-07	1.273411e-07
58019.500743	2.536791e-07	9.974120e-08
58020.500743	7.261720e-08	1.307695e-10
58021.500743	9.453829e-08	1.325881e-10
58022.500743	2.781841e-07	3.487617e-08
58023.500743	5.094886e-08	2.114531e-12
58024.500743	1.195403e-07	4.209258e-10
58025.500743	3.062468e-07	5.902132e-08
58026.500743	5.365633e-08	1.532855e-11
58027.500743	6.795403e-08	5.306107e-09
58028.500743	5.022858e-07	8.389298e-08
58029.500743	9.500912e-08	2.263259e-09
58030.500743	8.620163e-08	6.282507e-13
58031.500743	1.029201e-07	1.836353e-11
58032.500743	5.890526e-08	1.680569e-10
58033.500743	7.146689e-08	6.564525e-12
58034.500743	1.206156e-07	2.556629e-09
58035.500743	2.144595e-07	4.085324e-08
58036.500743	1.026545e-07	1.977168e-10
58037.500743	2.342168e-07	6.951013e-09
58038.500743	9.271682e-08	1.542524e-10
58039.500743	3.227068e-07	6.763983e-09
58040.500743	1.816843e-07	4.182481e-10
58041.500743	3.114297e-07	4.270997e-08
58042.500743	1.088699e-07	1.217201e-11
58043.500743	1.462084e-07	1.293986e-10
58044.500743	7.189779e-08	1.057764e-11
58045.500743	3.493305e-07	3.750168e-08
58046.500743	1.185745e-07	2.287311e-10
58047.500743	1.327771e-07	2.153623e-08
58048.500743	3.081546e-07	4.410099e-08
58049.500743	2.609667e-07	6.894831e-08
58050.500743	1.921178e-07	1.032980e-09
58051.500743	2.562305e-07	4.474546e-08
58052.500743	3.343116e-07	9.039704e-08
58053.500743	3.903656e-07	9.165347e-09
58054.500743	1.925035e-07	3.072386e-08
58055.500743	3.065623e-07	6.769046e-08
58056.500743	6.029675e-07	1.526425e-08
58057.500743	2.079613e-07	8.058561e-08
58058.500743	6.252447e-07	1.569170e-07
58059.500743	5.774204e-07	7.748212e-08
58060.500743	2.430027e-07	1.911454e-08
58061.500743	1.863134e-07	3.618576e-08
58062.500743	2.583737e-07	5.092621e-08
58063.500743	2.631227e-07	9.494465e-08
58064.500743	1.945353e-07	5.228332e-09
58065.500743	1.751234e-07	4.899215e-09
58066.500743	3.731567e-07	9.423138e-09
58067.500743	2.758392e-07	5.286390e-08
58068.500743	2.291773e-07	2.634972e-08
58069.500743	4.194004e-07	1.351107e-08
58070.500743	4.740192e-07	6.193648e-08
58071.500743	1.386022e-07	1.566042e-09
58072.500743	1.211326e-07	2.983039e-11
58073.500743	1.053451e-07	3.262641e-10
58074.500743	3.118028e-07	6.261664e-08
58075.500743	2.891994e-07	6.748282e-08
58076.500743	7.869646e-08	7.299258e-12
58077.500743	9.351369e-08	1.206040e-11
58078.500743	2.624069e-07	3.934134e-08
58079.500743	3.275936e-07	3.918236e-08
58080.500743	2.224404e-07	6.436389e-09
58081.500743	3.088843e-07	2.892801e-08
58082.500743	1.798329e-07	6.852999e-08
58083.500743	2.207989e-07	2.723889e-08
58084.500743	2.077496e-07	4.285943e-08
58085.500743	2.832274e-07	6.429864e-09
58086.500743	5.573114e-08	7.356005e-11
58087.500743	1.291452e-07	1.625870e-10
58088.500743	1.311155e-07	6.229416e-11
58089.500743	1.152463e-07	4.640525e-08
58090.500743	3.193777e-07	8.997730e-08
58091.500743	4.980698e-07	1.291031e-08
58092.500743	1.401087e-07	3.997312e-09
58093.500743	2.398643e-07	8.208040e-09
58094.500743	4.314421e-07	1.504103e-07
58095.500743	4.960845e-07	6.032299e-08
58096.500743	5.447731e-07	5.002295e-08
58097.500743	9.765077e-08	2.264747e-09
58098.500743	3.605685e-07	5.142448e-08
58099.500743	2.723785e-07	1.873050e-08
58100.500743	1.730360e-07	1.337805e-09
58101.500743	8.718551e-08	2.328015e-09
58102.500743	1.732823e-07	7.627687e-11
58103.500743	1.607175e-07	3.208673e-08
58104.500743	2.262290e-07	7.227136e-08
58105.500743	9.010107e-08	5.785504e-11
58106.500743	1.468520e-07	2.355223e-08
58107.500743	2.545433e-07	8.069287e-09
58108.500743	2.852332e-07	1.063231e-07
58109.500743	1.955232e-07	7.536464e-08
58110.500743	1.092642e-07	2.563605e-10
58111.500743	3.995778e-07	1.111588e-08
58112.500743	6.212316e-08	1.832975e-11
58113.500743	1.117185e-07	1.785117e-10
58114.500743	3.016630e-07	9.577744e-08
58115.500743	4.464892e-07	6.771261e-08
58116.500743	8.874743e-08	1.257148e-08
58117.500743	2.873132e-07	3.397095e-08
58118.500743	1.450560e-07	2.952503e-10
58119.500743	1.031120e-07	4.544936e-10
58120.500743	7.575774e-08	1.127711e-08
58121.500743	1.861138e-07	4.614421e-09
58122.500743	4.274631e-07	1.088572e-08
58123.500743	1.407479e-07	1.816798e-08
58124.500743	2.346043e-07	9.967255e-08
58125.500743	3.411853e-07	3.323879e-08
58126.500743	1.965359e-07	1.856603e-08
58127.500743	3.042843e-07	8.369242e-09
58128.500743	2.693905e-07	7.199215e-08
58129.500743	1.307498e-07	1.084569e-09
58130.500743	2.483653e-07	4.604778e-09
58131.500743	1.144029e-07	1.428273e-08
58132.500743	2.990297e-07	3.967566e-08
58133.500743	1.074400e-07	1.574635e-10
58134.500743	1.486027e-07	4.260016e-10
58135.500743	1.722278e-07	1.245573e-10
58136.500743	2.487905e-07	3.765816e-08
58137.500743	2.217373e-07	3.619137e-08
58138.500743	3.283322e-07	4.459524e-08
58139.500743	6.661659e-07	8.182040e-08
58140.500743	9.490337e-08	1.822795e-12
58141.500743	1.406205e-07	2.944993e-10
58142.500743	2.473673e-07	8.162331e-08
58143.500743	1.799898e-07	7.016823e-09
58144.500743	9.454990e-08	1.683031e-12
58145.500743	5.108325e-07	3.205957e-08
58146.500743	4.000145e-07	1.207346e-07
58147.500743	1.337568e-07	2.741510e-09
58148.500743	2.259468e-07	2.449671e-08
58149.500743	6.638346e-07	9.631712e-08
58150.500743	1.233798e-07	1.269809e-08
58151.500743	1.944914e-07	3.028438e-08
58152.500743	6.887344e-07	1.784487e-07
58153.500743	7.263212e-07	6.664180e-08
58154.500743	1.487266e-07	4.136062e-11
58155.500743	1.787110e-07	1.392027e-11
58156.500743	9.992146e-08	8.557600e-11
58157.500743	2.000889e-07	7.599129e-08
58158.500743	7.092245e-08	3.493540e-11
58159.500743	7.575765e-08	1.644683e-09
58160.500743	9.637030e-08	3.175327e-11
58161.500743	4.940820e-08	1.045295e-11
58162.500743	9.629122e-08	1.905395e-10
58163.500743	5.108592e-07	9.449541e-08
58164.500743	3.474078e-07	1.097390e-07
58165.500743	1.845408e-07	2.034068e-08
58166.500743	9.220376e-08	1.221397e-10
58167.500743	2.042305e-07	2.617745e-08
58168.500743	9.717271e-08	1.502772e-08
58169.500743	2.795998e-07	9.171377e-09
58170.500743	1.232412e-07	9.706514e-11
58171.500743	6.127703e-08	5.202947e-12
58172.500743	1.478563e-07	4.125693e-09
58173.500743	7.017891e-07	1.160919e-07
58174.500743	3.414408e-07	1.068149e-08
58175.500743	2.523628e-07	9.088399e-08
58176.500743	5.883169e-07	4.571375e-08
58177.500743	3.484170e-07	4.755739e-08
58178.500743	4.026698e-07	4.716306e-08
58179.500743	9.212634e-08	1.211426e-09
58180.500743	2.420426e-07	3.061636e-08
58181.500743	2.131050e-07	8.563123e-08
58182.500743	8.496293e-08	8.453805e-09
58183.500743	4.627515e-07	1.425590e-07
58184.500743	1.207113e-07	2.583751e-09
58185.500743	6.708002e-08	2.331921e-13
58186.500743	2.872335e-07	2.968539e-08
58187.500743	3.390964e-07	8.534070e-09
58188.500743	2.166754e-07	6.378301e-08
58189.500743	8.108263e-08	5.042656e-12
58190.500743	9.663326e-08	2.296317e-09
58191.500743	5.456482e-07	1.269740e-08
58192.500743	4.752179e-07	1.501891e-07
58215.500743	2.862426e-05	2.093711e-08
58216.500743	2.238598e-06	1.503661e-09
58217.500743	1.164004e-06	6.216191e-09
58218.500743	1.718321e-06	5.053089e-07
58219.500743	2.230145e-06	6.765711e-07
58220.500743	4.658590e-07	1.018955e-09
58221.500743	7.551193e-07	2.805689e-07
58222.500743	9.759159e-07	2.796412e-07
58223.500743	6.823591e-07	1.398996e-07
58224.500743	4.347673e-07	1.591742e-08
58225.500743	5.666294e-08	7.141055e-12
58226.500743	4.413883e-07	6.062147e-08
58227.500743	1.703800e-07	3.943560e-08
58228.500743	5.398027e-07	7.470883e-08
58229.500743	4.533575e-07	7.941221e-09
58230.500743	2.905855e-07	3.124026e-08
58231.500743	9.155704e-07	1.537987e-08
58232.500743	1.996670e-07	3.590626e-08
58233.500743	2.006446e-07	3.570788e-08
58234.500743	1.974748e-07	6.596146e-08
58235.500743	1.116059e-07	1.828113e-09
58236.500743	9.580286e-08	1.219594e-10
58237.500743	4.103422e-07	4.547300e-08
58238.500743	3.284767e-07	8.387681e-09
58239.500743	2.815985e-07	4.033470e-08
58240.500743	1.541793e-07	4.118841e-11
58241.500743	5.057717e-07	6.337898e-09
58242.500743	9.656404e-08	6.462368e-12
58243.500743	2.045072e-07	4.392164e-09
58244.500743	1.473257e-07	2.293837e-08
58245.500743	1.792646e-07	1.274869e-08
58246.500743	1.059360e-07	4.012616e-09
58247.500743	3.224757e-07	7.161636e-09
58248.500743	7.624333e-08	1.751010e-10
58249.500743	1.065428e-07	6.466090e-07
58250.500743	1.947318e-07	2.583506e-08
58251.500743	3.943634e-08	4.345938e-12
58259.500743	5.074289e-07	5.071431e-08
58260.500743	1.887153e-07	4.166018e-09
58261.500743	4.620761e-07	9.447868e-09
58262.500743	9.353659e-08	3.241732e-08
58263.500743	4.727396e-07	3.363838e-08
58264.500743	1.378988e-07	1.890150e-08
58265.500743	8.356405e-08	2.082567e-08
58266.500743	1.113343e-07	1.470450e-09
58267.500743	5.789574e-07	1.275076e-07
58268.500743	2.582562e-07	3.571294e-08
58269.500743	2.739499e-07	6.289296e-09
58270.500743	4.511089e-08	1.154752e-12
58271.500743	3.260683e-07	1.025634e-08
58272.500743	1.840096e-07	2.374449e-08
58273.500743	3.109524e-07	9.867107e-08
58274.500743	2.723725e-07	8.161307e-08
58275.500743	2.990012e-07	6.253862e-08
58276.500743	7.575333e-08	2.493821e-09
58277.500743	2.902374e-07	3.807313e-08
58278.500743	2.300541e-07	8.895004e-08
58279.500743	3.676300e-07	3.768090e-08
58280.500743	1.252152e-07	4.486794e-12
58281.500743	2.819891e-07	1.319565e-07
58282.500743	7.629682e-08	1.765858e-10
58283.500743	3.645588e-07	9.397413e-09
58284.500743	4.026500e-07	6.186395e-09
58285.500743	2.986156e-07	1.132235e-07
58286.500743	6.693783e-07	7.916407e-08
58287.500743	1.171339e-07	4.592675e-11
58288.500743	1.223687e-07	1.540554e-08
58289.500743	1.643626e-07	2.069562e-10
58290.500743	5.279638e-07	7.605988e-08
58291.500743	5.070616e-07	7.581911e-08
58292.500743	1.511291e-07	4.879638e-09
58293.500743	1.270071e-07	1.485088e-08
58294.500743	1.437843e-07	2.879822e-09
58295.500743	7.770657e-07	2.672147e-07
58296.500743	2.812428e-07	2.787689e-08
58297.500743	2.249554e-07	3.719688e-10
58298.500743	3.808855e-07	2.102721e-08
58299.500743	6.697448e-07	2.389453e-07
58300.500743	1.394168e-06	5.266198e-07
58301.500743	2.144979e-06	1.907544e-09
58302.500743	7.767149e-06	1.718237e-08
58304.500743	8.548848e-07	7.898732e-08
58305.500743	3.113504e-06	8.501459e-07
58306.500743	1.620283e-06	7.992070e-07
58307.500743	2.150244e-06	1.945994e-08
58308.500743	4.629077e-06	1.886312e-08
58309.500743	9.804167e-06	7.200637e-07
58310.500743	2.955833e-06	3.256589e-10
58311.500743	1.184441e-06	9.569642e-11
58312.500743	1.250014e-06	2.974325e-09
58313.500743	5.302131e-06	7.361908e-07
58314.500743	2.077192e-06	9.771776e-10
58315.500743	2.700906e-06	9.063929e-07
58316.500743	4.707941e-07	6.873924e-10
58317.500743	1.052799e-06	6.310475e-09
58318.500743	1.921517e-06	7.073323e-07
58319.500743	1.191542e-06	1.698163e-08
58320.500743	1.696696e-06	5.610171e-07
58321.500743	4.855006e-06	7.179324e-07
58322.500743	3.679374e-06	9.754781e-07
58323.500743	3.431292e-06	7.584312e-07
58324.500743	2.291661e-06	9.634891e-07
58325.500743	4.801071e-07	2.264858e-10
58326.500743	6.696330e-07	1.002536e-08
58327.500743	3.236996e-07	4.010438e-08
58328.500743	9.734023e-07	1.413222e-07
58329.500743	1.411206e-06	1.294894e-07
58330.500743	4.429825e-07	2.127780e-07
58331.500743	9.208113e-07	8.868751e-08
58332.500743	9.475070e-07	1.547897e-08
58333.500743	7.649656e-07	2.265218e-07
58334.500743	5.343561e-07	9.833071e-08
58335.500743	6.034114e-07	1.714828e-07
58336.500743	6.256134e-07	2.205162e-07
58337.500743	5.880171e-07	7.064506e-08
58338.500743	4.208910e-07	2.907749e-08
58339.500743	2.317406e-07	2.906901e-08
58340.500743	6.836616e-07	8.882021e-08
58341.500743	6.217646e-07	8.654602e-08
58342.500743	3.157681e-07	6.600927e-09
58343.500743	4.678258e-07	1.610621e-07
58344.500743	3.882998e-07	1.171365e-08
58345.500743	1.563251e-07	2.183785e-11
58346.500743	2.219221e-07	7.639868e-10
58347.500743	1.861741e-07	5.878436e-10
58348.500743	3.951378e-07	1.558252e-07
58349.500743	5.363900e-07	8.116312e-08
58350.500743	2.129592e-07	9.609633e-11
58351.500743	6.504979e-07	6.461873e-07
58352.500743	6.412125e-07	1.625734e-07
58353.500743	2.839266e-06	4.799406e-07
58354.500743	7.518771e-07	1.339884e-07
58355.500743	1.248467e-06	3.681955e-08
58356.500743	1.073561e-06	1.388259e-07
58357.500743	1.160972e-06	3.628227e-07
58358.500743	8.168672e-07	2.387403e-07
58359.500743	6.816180e-07	1.183219e-07
58360.500743	1.545918e-07	2.018570e-10
58361.500743	5.212934e-07	7.650927e-08
58362.500743	4.159777e-07	1.241282e-07
58363.500743	7.970306e-07	1.737699e-07
58364.500743	2.584669e-07	3.081341e-10
58365.500743	7.139202e-07	2.404058e-07
58366.500743	3.615698e-07	7.986893e-10
58367.500743	2.150863e-06	9.225943e-09
58374.500743	3.177140e-07	5.986252e-08
58375.500743	1.764550e-07	5.308821e-08
58376.500743	1.801270e-07	3.591884e-08
58377.500743	8.667396e-08	2.654731e-09
58378.500743	9.756331e-08	1.219117e-08
58379.500743	9.974439e-08	3.315888e-09
58380.500743	1.399364e-07	1.766700e-08
58381.500743	2.671628e-07	2.706250e-08
58382.500743	2.436133e-07	6.040955e-09
58383.500743	3.722533e-07	8.319761e-09
58384.500743	3.397953e-07	3.999774e-08
58385.500743	2.673772e-07	3.305886e-08
58386.500743	5.324729e-07	6.281676e-08
58387.500743	5.729320e-07	6.648619e-08
58388.500743	1.549089e-07	5.054449e-08
58389.500743	3.853354e-07	5.181337e-08
58390.500743	2.717139e-07	6.920962e-09
58391.500743	1.337996e-07	6.066880e-11
58392.500743	1.029407e-07	1.311252e-11
58393.500743	4.677501e-07	1.484067e-08
58394.500743	5.598242e-08	5.640516e-15
58395.500743	6.098331e-07	8.735113e-08
58396.500743	2.215908e-07	2.708892e-08
58397.500743	6.895898e-08	1.685239e-11
58398.500743	6.831414e-08	1.718646e-11
58399.500743	1.027100e-07	1.901112e-11
58400.500743	9.854384e-08	1.126497e-11
58401.500743	1.035915e-07	7.744853e-11
58402.500743	2.182418e-07	7.814738e-08
58403.500743	1.450623e-07	5.667226e-12
58404.500743	5.420535e-07	2.130899e-09
58405.500743	7.629505e-07	5.500143e-09
58406.500743	9.754972e-07	1.371531e-07
58407.500743	2.646837e-06	1.276843e-09
58408.500743	1.708402e-05	2.014564e-08
58416.500743	1.938561e-07	2.253661e-08
58417.500743	1.031570e-07	6.374108e-10
58418.500743	2.447157e-07	6.562065e-08
58419.500743	7.278532e-08	3.406827e-11
58420.500743	3.072223e-07	2.992131e-08
58421.500743	2.470105e-07	7.417730e-09
58422.500743	4.935304e-07	7.340516e-08
58423.500743	2.798489e-07	1.065689e-07
58424.500743	8.995602e-08	2.635410e-09
58425.500743	1.554453e-07	2.021454e-08
58426.500743	1.125071e-07	1.017732e-08
58427.500743	1.622614e-07	3.618725e-09
58428.500743	2.074601e-07	2.794802e-08
58429.500743	1.801242e-07	2.696778e-08
58430.500743	9.770871e-08	6.895848e-08
58431.500743	8.333117e-08	2.070082e-11
58432.500743	2.447116e-07	9.244401e-09
58433.500743	6.578493e-08	6.792272e-10
58434.500743	3.325936e-07	8.387242e-09
58435.500743	2.231692e-07	1.766355e-08
58436.500743	1.502620e-07	2.998885e-08
58437.500743	1.445057e-07	3.459127e-09
58438.500743	2.624486e-07	9.925310e-08
58439.500743	5.683416e-08	5.319283e-10
58440.500743	1.367151e-07	9.486890e-11
58441.500743	1.045506e-06	7.322961e-08
58442.500743	5.024327e-07	5.024276e-08
58443.500743	8.987206e-07	9.025236e-08
58444.500743	3.180385e-07	1.244229e-07
58445.500743	2.217689e-07	1.086849e-10
58446.500743	1.887381e-07	2.498026e-08
58447.500743	2.159464e-07	1.607443e-08
58448.500743	2.792206e-07	6.979050e-08
58449.500743	3.265110e-07	8.704341e-09
58450.500743	7.786304e-07	5.289029e-08
58451.500743	2.076906e-07	8.158580e-09
58452.500743	4.845549e-08	2.265879e-14
58453.500743	6.841773e-08	9.052881e-12
58454.500743	1.041015e-07	9.090194e-10
58455.500743	9.035911e-08	2.427331e-10
58456.500743	7.221669e-08	8.377055e-11
58457.500743	9.159611e-08	5.749172e-14
58458.500743	5.753392e-08	1.417865e-11
58459.500743	3.331527e-07	6.637394e-09
58460.500743	1.318376e-07	2.070349e-11
58461.500743	1.027033e-07	1.471638e-08
58462.500743	3.172445e-07	7.712745e-09
58463.500743	2.093857e-07	6.582944e-09
58464.500743	1.688218e-07	6.979201e-08
58465.500743	1.626686e-07	4.765423e-09
58466.500743	1.158810e-07	3.650284e-09
58467.500743	8.383291e-07	1.552464e-07
58468.500743	7.763197e-07	1.099539e-07
58469.500743	6.452234e-07	1.087749e-07
58470.500743	3.068064e-07	1.027581e-09
58471.500743	7.894603e-07	1.645272e-07
58472.500743	3.186776e-07	3.742492e-11
58473.500743	1.843103e-07	1.130916e-10
58474.500743	3.380235e-07	6.502780e-08
58475.500743	1.853499e-07	2.039259e-08
58476.500743	2.633169e-07	3.525926e-08
58477.500743	1.051442e-06	2.164941e-07
58478.500743	2.240146e-07	6.034457e-10
58479.500743	1.980743e-07	3.747730e-11
58480.500743	8.264805e-07	1.464900e-07
58481.500743	5.759334e-07	1.135320e-09
58482.500743	3.683565e-07	7.514383e-10
58483.500743	2.900657e-07	5.860812e-08
58484.500743	1.907102e-07	1.881080e-10
58485.500743	2.374419e-07	8.279062e-10
58486.500743	4.992040e-07	6.395006e-08
58487.500743	1.695232e-07	4.388670e-09
58488.500743	8.677655e-08	9.166489e-09
58489.500743	5.129995e-07	5.793827e-08
58490.500743	1.803730e-07	5.623789e-09
58491.500743	8.925871e-08	2.882949e-08
58492.500743	1.514338e-07	3.225549e-09
58493.500743	3.852531e-07	5.268916e-08
58494.500743	5.344465e-07	1.398648e-07
58495.500743	3.400984e-07	6.519634e-08
58496.500743	2.093430e-07	2.997002e-08
58497.500743	6.817654e-07	1.215170e-07
58498.500743	3.322137e-07	1.266636e-07
58499.500743	2.459497e-07	1.518745e-06
58500.500743	6.403371e-07	6.956837e-08
58501.500743	1.351567e-07	4.548050e-09
58502.500743	9.782873e-08	3.142993e-09
58503.500743	1.398949e-07	1.874796e-08
58504.500743	4.477195e-07	7.443823e-08
58505.500743	4.446382e-07	5.487510e-08
58506.500743	2.270172e-07	5.492448e-08
58507.500743	6.370062e-07	1.121269e-07
58508.500743	1.506673e-07	1.005044e-08
58509.500743	9.306285e-08	7.527034e-12
58510.500743	2.548919e-07	3.745766e-08
58511.500743	1.439687e-07	4.076227e-09
58512.500743	1.913020e-07	5.886564e-08
58513.500743	4.479813e-07	4.284120e-08
58532.500743	1.581575e-04	3.988737e-07
58533.500743	2.885511e-07	9.382612e-09
58534.500743	3.613024e-07	3.662065e-08
58535.500743	3.314561e-07	7.673238e-09
58536.500743	4.783824e-07	7.904485e-08
58537.500743	1.737047e-07	1.958503e-07
58538.500743	3.487216e-07	4.066185e-08
58539.500743	5.328711e-07	4.514078e-08
58540.500743	4.101224e-07	1.337009e-07
58541.500743	1.049315e-07	9.541112e-11
58542.500743	5.983559e-07	2.160927e-07
58543.500743	1.020997e-07	9.387417e-09
58544.500743	4.024202e-07	1.335434e-07
58545.500743	1.042882e-07	2.265648e-09
58546.500743	1.592272e-07	5.919080e-08
58547.500743	6.786817e-07	7.068515e-08
58548.500743	8.320468e-08	2.940033e-12
58549.500743	3.057884e-07	1.162676e-07
58550.500743	1.277020e-07	2.851229e-09
58551.500743	8.788561e-07	1.312477e-08
58552.500743	1.007008e-07	1.523377e-11
58553.500743	3.202358e-07	8.207009e-09
58554.500743	4.944178e-08	2.794343e-13
58555.500743	4.234056e-07	6.295684e-08
58556.500743	3.152628e-07	1.056531e-08
58557.500743	8.501301e-08	1.594948e-11
58558.500743	3.390046e-07	6.239455e-08
58559.500743	5.936259e-07	1.310114e-06
58560.500743	4.426155e-07	1.073562e-08
58561.500743	3.283015e-07	4.291754e-08
58562.500743	1.178193e-07	1.938456e-08
58563.500743	5.550295e-08	4.457746e-14
58564.500743	6.579460e-08	3.364202e-11
58565.500743	2.498662e-07	1.911580e-08
58566.500743	1.507965e-07	9.691770e-11
58567.500743	2.422573e-07	3.527972e-08
58568.500743	1.210731e-07	8.648569e-11
58569.500743	1.718272e-07	8.516728e-09
58570.500743	1.709906e-07	3.082631e-08
58571.500743	2.769447e-07	2.679440e-08
58572.500743	1.241056e-07	1.807563e-08
58573.500743	7.861259e-08	1.428776e-08
58574.500743	1.566652e-07	1.256847e-08
58575.500743	2.543807e-07	8.871111e-08
58576.500743	9.549054e-08	2.225994e-12
58577.500743	1.008808e-07	9.430330e-12
58578.500743	1.809136e-07	3.462191e-08
58579.500743	9.700958e-08	2.982770e-10
58581.500743	8.348710e-08	2.833590e-09
58582.500743	3.628417e-07	9.299149e-09
58583.500743	3.443984e-07	2.853918e-08
58584.500743	2.368005e-07	8.590047e-08
58585.500743	4.477816e-07	1.118833e-07
58586.500743	1.885582e-07	6.306364e-09
58587.500743	5.744463e-07	6.430920e-08
58588.500743	5.011234e-08	6.896675e-12
58589.500743	5.020183e-08	3.190620e-11
58590.500743	6.669080e-08	6.701624e-10
58591.500743	9.827517e-08	3.348986e-09
58592.500743	8.630742e-08	1.029633e-10
58593.500743	2.199915e-07	3.188158e-08
58594.500743	3.637373e-07	4.250137e-08
58595.500743	3.712577e-07	1.385304e-08
58596.500743	2.061861e-07	3.993326e-08
58597.500743	2.092033e-07	3.807567e-08
58598.500743	3.799307e-07	4.153302e-08
58599.500743	4.659132e-07	1.710521e-08
58600.500743	1.775028e-07	8.161347e-09
58601.500743	1.182228e-07	5.685475e-11
58602.500743	1.398609e-07	1.969520e-09
58603.500743	1.444279e-07	1.129357e-10
58604.500743	4.389922e-07	6.727424e-08
58605.500743	2.301114e-07	4.113646e-08
58606.500743	4.612033e-07	1.418133e-07
58607.500743	3.131678e-07	1.067887e-07
58608.500743	1.070308e-07	3.347817e-10
58609.500743	1.326529e-07	2.434183e-11
58610.500743	3.848153e-07	4.781471e-08
58611.500743	1.585885e-07	1.166800e-09
58612.500743	3.359198e-07	3.988895e-08
58613.500743	8.279594e-08	6.122208e-11
58614.500743	8.412804e-07	1.064714e-07
58615.500743	7.336459e-08	7.057441e-12
58616.500743	1.346695e-07	4.272900e-10
58617.500743	4.163628e-07	5.379134e-08
58618.500743	1.029574e-07	1.136722e-10
58619.500743	3.854326e-07	3.914609e-08
58620.500743	1.084366e-07	8.787129e-11
58621.500743	2.150942e-07	7.475415e-09
58622.500743	2.006145e-07	3.265934e-08
58623.500743	2.286885e-07	4.029877e-08
58624.500743	2.203370e-07	3.546463e-08
58625.500743	3.394777e-07	4.940998e-08
58626.500743	2.597031e-07	4.063331e-08
58627.500743	7.689929e-08	5.198777e-12
58628.500743	9.691300e-08	6.865081e-10
58629.500743	1.038073e-07	1.002897e-11
58630.500743	1.006372e-07	1.702200e-09
58631.500743	6.667163e-08	2.102627e-12
58632.500743	3.219234e-07	3.680899e-08
58633.500743	3.551671e-07	1.133555e-07
58634.500743	3.382319e-07	1.045051e-07
58635.500743	2.636939e-07	7.392062e-09
58636.500743	1.136487e-07	3.845367e-08
58637.500743	8.783805e-08	3.669860e-11
58638.500743	2.453742e-07	6.062966e-09
58639.500743	2.518051e-07	4.136438e-08
58640.500743	1.492686e-07	1.384643e-08
58641.500743	5.972077e-07	1.512742e-08
58642.500743	1.125371e-07	7.377553e-11
58643.500743	1.229242e-07	2.926532e-08
58644.500743	2.582400e-07	3.447954e-08
58645.500743	4.210170e-08	9.207263e-13
58646.500743	1.813611e-07	8.438689e-08
58647.500743	6.700436e-08	1.144550e-09
58648.500743	3.414376e-07	9.991015e-08
58649.500743	5.134852e-07	7.664346e-08
58650.500743	3.015537e-07	2.767028e-08
58651.500743	1.416362e-07	1.959989e-10
58652.500743	1.694071e-07	4.364782e-08
58653.500743	3.188733e-07	9.812860e-08
58654.500743	7.363967e-08	7.891699e-12
58655.500743	1.706046e-07	3.333620e-09
58656.500743	1.151667e-07	1.893941e-09
58657.500743	4.988720e-07	5.541426e-08
58658.500743	1.335819e-07	6.917503e-11
58659.500743	1.696482e-07	4.619491e-10
58660.500743	5.872233e-08	3.102821e-11
58661.500743	7.946447e-08	2.746749e-11
58662.500743	1.980025e-07	7.139457e-08
58663.500743	1.907347e-07	2.944012e-08
58664.500743	1.281261e-07	1.041784e-10
58665.500743	4.905913e-07	5.918542e-08
58666.500743	5.276341e-07	3.580558e-08
58667.500743	4.064506e-07	1.230980e-07
58668.500743	6.590246e-07	1.675225e-08
58669.500743	3.823782e-07	1.382501e-07
58670.500743	2.586444e-07	4.686759e-08
58671.500743	2.026528e-07	5.417504e-09
58672.500743	5.060834e-07	5.717154e-08
58673.500743	2.103714e-07	1.956402e-08
58674.500743	1.330938e-06	3.752530e-09
58675.500743	2.253476e-06	7.906435e-07
58676.500743	5.739690e-07	2.180278e-09
58677.500743	7.837571e-07	3.030651e-07
58678.500743	8.932640e-07	2.264700e-09
58679.500743	1.729823e-06	1.755946e-09
58680.500743	1.457990e-06	3.935667e-09
58681.500743	1.149615e-06	9.516781e-11
58682.500743	2.227034e-06	2.742146e-11
58683.500743	5.110997e-06	7.309440e-07
58684.500743	5.957105e-07	6.790871e-10
58685.500743	8.868756e-07	3.808248e-10
58686.500743	1.947959e-06	3.678951e-09
58687.500743	3.393051e-06	7.765489e-07
58688.500743	8.733156e-07	3.979548e-09
58689.500743	8.764849e-07	2.791379e-09
58690.500743	5.709308e-06	7.573645e-07
58691.500743	8.071513e-07	8.824927e-10
58692.500743	3.551031e-07	7.707501e-11
58693.500743	8.556667e-07	2.514440e-07
58694.500743	4.949925e-07	6.767373e-08
58695.500743	4.836492e-07	1.565688e-08
58698.500743	8.600238e-07	1.588310e-08
58699.500743	5.005134e-07	3.627030e-08
58700.500743	1.521204e-07	5.391130e-09
58701.500743	1.439168e-07	1.941387e-08
58702.500743	5.043515e-07	1.487320e-08
58703.500743	6.875858e-07	1.599463e-08
58704.500743	1.713164e-07	1.169708e-08
58705.500743	1.577763e-07	6.422145e-09
58706.500743	1.422217e-07	5.753171e-08
58707.500743	4.230884e-07	4.152844e-08
58708.500743	7.814297e-08	4.560670e-10
58709.500743	1.631723e-07	6.226532e-11
58710.500743	3.199375e-07	2.669077e-08
58711.500743	1.642567e-07	2.210164e-10
58712.500743	5.857947e-07	1.410045e-08
58713.500743	1.456836e-07	6.210405e-11
58714.500743	1.648650e-07	1.906836e-08
58715.500743	4.194170e-07	1.391036e-07
58716.500743	1.053686e-07	1.605063e-11
58717.500743	1.454980e-07	8.066310e-10
58718.500743	1.702857e-07	1.616683e-10
58719.500743	1.674256e-07	1.715970e-08
58720.500743	7.969388e-07	1.363910e-08
58721.500743	1.261295e-07	2.258190e-10
58722.500743	1.101854e-07	2.736203e-09
58723.500743	1.334588e-06	2.345887e-08
58724.500743	1.505536e-07	1.215902e-10
58725.500743	3.110468e-07	1.788475e-09
58726.500743	4.337244e-07	9.982063e-09
58727.500743	1.557836e-07	1.720752e-10
58728.500743	1.995821e-07	6.588526e-10
58729.500743	7.719184e-07	2.353428e-07
58730.500743	3.183790e-07	8.790180e-09
58731.500743	1.716323e-07	9.067293e-11
58732.500743	2.580501e-07	8.309097e-08
58733.500743	2.999764e-07	7.846198e-10
58734.500743	4.497488e-07	1.172227e-07
58735.500743	3.867602e-07	3.053505e-08
58736.500743	3.589373e-07	8.077043e-08
58737.500743	1.189985e-07	3.547723e-09
58738.500743	7.157654e-08	4.995029e-11
58739.500743	4.406153e-08	1.435953e-11
58740.500743	1.450475e-07	3.865708e-08
58741.500743	1.778654e-07	5.306506e-10
58742.500743	3.543460e-07	3.032215e-08
58743.500743	1.291951e-07	1.929844e-08
58744.500743	2.857427e-07	2.564377e-08
58745.500743	2.353469e-07	8.213396e-09
58746.500743	2.867823e-07	4.400292e-08
58747.500743	2.149506e-07	2.868621e-08
58748.500743	1.281244e-07	1.595037e-09
58749.500743	1.398904e-07	5.877745e-09
58750.500743	2.146899e-07	4.060131e-08
58751.500743	4.946500e-07	1.368629e-08
58752.500743	2.303132e-07	3.624193e-08
58753.500743	4.703323e-08	9.594505e-12
58754.500743	1.057149e-07	2.048314e-09
58755.500743	3.738566e-07	3.819842e-08
58756.500743	2.694827e-07	3.869127e-08
58757.500743	3.232352e-07	2.608541e-08
58758.500743	3.637344e-07	4.846431e-08
58759.500743	5.191292e-07	5.964595e-08
58760.500743	1.943116e-07	2.757429e-08
58761.500743	4.508353e-07	4.598426e-08
58762.500743	1.335188e-07	2.612399e-11
58763.500743	1.796052e-07	7.222110e-08
58764.500743	2.210920e-07	1.263427e-08
58765.500743	4.558223e-07	5.051702e-08
58766.500743	8.231269e-08	3.451346e-09
58767.500743	3.746837e-07	9.420525e-09
58768.500743	7.784833e-08	1.318910e-08
58769.500743	1.714780e-07	2.966135e-08
58770.500743	2.786637e-07	9.095849e-08
58771.500743	3.006103e-07	5.860669e-09
58772.500743	1.005555e-07	1.658454e-09
58773.500743	2.966989e-07	7.167189e-08
58774.500743	1.469141e-07	2.046441e-10
58775.500743	1.727091e-07	1.604297e-08
58776.500743	1.219881e-07	2.955242e-09
58777.500743	1.422465e-07	1.865922e-07
58778.500743	7.523877e-07	1.805487e-08
58779.500743	2.538922e-07	3.748499e-08
58780.500743	8.196722e-08	9.478470e-09
58781.500743	2.124948e-07	2.474406e-08
58782.500743	2.199145e-07	4.914901e-09
58783.500743	1.285106e-07	4.317619e-10
58784.500743	2.038948e-07	3.605718e-08
58785.500743	4.169887e-07	7.080005e-09
58786.500743	2.168055e-07	3.793108e-08
58787.500743	8.122381e-08	2.035328e-11
58788.500743	2.577298e-07	6.040599e-09
58789.500743	2.306400e-07	3.112120e-08
58790.500743	1.316955e-07	1.588116e-10
58791.500743	2.246162e-07	8.100828e-09
58792.500743	7.384998e-07	5.856865e-08
58793.500743	3.973948e-07	9.290569e-09
58794.500743	5.478427e-08	4.932210e-12
58795.500743	2.725079e-07	8.751799e-08
58796.500743	2.824097e-07	2.264287e-08
58797.500743	2.521154e-07	3.394934e-08
58798.500743	1.037565e-07	1.256620e-08
58799.500743	7.604521e-08	1.665952e-09
58800.500743	1.320696e-07	2.525266e-08
58801.500743	3.075593e-07	9.083891e-08
58802.500743	4.792349e-07	3.627356e-08
58803.500743	9.223224e-08	2.149751e-10
58804.500743	3.245853e-07	4.023290e-08
58805.500743	6.402941e-07	5.512615e-08
58806.500743	6.193769e-08	1.512230e-09
58807.500743	4.192048e-08	3.493031e-11
58808.500743	8.188539e-08	2.216989e-09
58809.500743	3.492279e-07	9.808313e-08
58810.500743	1.179375e-07	3.651892e-09
58811.500743	1.417926e-07	4.800537e-08
58812.500743	5.553747e-07	4.893272e-08
58813.500743	3.800916e-07	9.234910e-08
58814.500743	1.823740e-07	6.172425e-09
58815.500743	1.062076e-07	1.358669e-08
58816.500743	1.290156e-07	2.072455e-08
58817.500743	3.659586e-07	6.163622e-08
58818.500743	2.128443e-07	7.414431e-09
58819.500743	1.972487e-07	9.458795e-08
58820.500743	9.226566e-08	2.883401e-09
58821.500743	1.043104e-07	3.268882e-11
58822.500743	5.725556e-07	1.222661e-08
58823.500743	8.764383e-08	8.991524e-12
58824.500743	3.164477e-07	6.982953e-08
58825.500743	5.970783e-08	9.877253e-12
58826.500743	7.086591e-08	3.344801e-09
58827.500743	1.820337e-07	2.111240e-08
58828.500743	8.035368e-08	1.685373e-08
58829.500743	1.817387e-07	2.969801e-08
58830.500743	1.833202e-07	8.313013e-09
58831.500743	1.190449e-07	1.539541e-08
58832.500743	3.796635e-07	3.615109e-08
58833.500743	7.369434e-07	1.745755e-08
58834.500743	2.402071e-07	5.425553e-08
58835.500743	3.300655e-07	3.389001e-08
58836.500743	4.111265e-07	5.025486e-08
58837.500743	1.132922e-06	4.000713e-07
58838.500743	4.277256e-07	1.113244e-09
58839.500743	3.630564e-07	1.196088e-09
58840.500743	2.575198e-07	5.655393e-11
58841.500743	9.748333e-07	2.037204e-07
58842.500743	3.823954e-07	1.434368e-07
58843.500743	6.903225e-07	1.076534e-07
58844.500743	1.733154e-07	1.524010e-11
58845.500743	3.030964e-07	2.836308e-10
58846.500743	1.891326e-07	3.474167e-10
58847.500743	3.461975e-07	6.033038e-10
58848.500743	4.994960e-07	2.020867e-09
58849.500743	4.179592e-07	4.026730e-10
58850.500743	1.524697e-06	4.925097e-07
58851.500743	1.597374e-06	3.118569e-07
58852.500743	1.026092e-06	3.405171e-07
58853.500743	1.247202e-06	2.471252e-07
58854.500743	7.424470e-07	1.176047e-07
58855.500743	8.321042e-07	1.297416e-07
58856.500743	1.134907e-07	1.009770e-10
58857.500743	2.289039e-07	1.055832e-07
58858.500743	3.331170e-07	1.310606e-08
58859.500743	1.660356e-07	1.464768e-10
58860.500743	1.155113e-06	2.283799e-07
58861.500743	2.023866e-07	7.280249e-10
58862.500743	7.173014e-08	3.303680e-11
58863.500743	7.428067e-08	5.457217e-13
58864.500743	2.605328e-07	8.205593e-09
58865.500743	1.358281e-07	6.117323e-09
58866.500743	5.183754e-07	1.074851e-08
58867.500743	7.170716e-08	2.449083e-12
58868.500743	1.416934e-07	1.290135e-09
58869.500743	2.082737e-07	2.888874e-08
58870.500743	9.458002e-08	9.959237e-10
58871.500743	2.386716e-07	3.168409e-08
58872.500743	4.509556e-07	6.381591e-08
58873.500743	8.782454e-08	4.278256e-11
58874.500743	1.569573e-07	1.007323e-09
58875.500743	1.151873e-07	2.095599e-10
58876.500743	1.532701e-07	2.546446e-08
58877.500743	3.122707e-07	2.641529e-08
58878.500743	9.225580e-08	2.454001e-08
58879.500743	4.486548e-07	5.853943e-08
58880.500743	8.883693e-08	2.431501e-09
58881.500743	2.654208e-07	2.642946e-08
58882.500743	3.386741e-07	4.741095e-08
58883.500743	5.451404e-06	6.307905e-08
58888.500743	3.289794e-05	2.276503e-06
58889.500743	3.501969e-05	6.588234e-08
58892.500743	1.461539e-05	2.128295e-07
58893.500743	5.319807e-04	5.888384e-07
58896.500743	6.810993e-06	4.712065e-08
58897.500743	6.382912e-06	7.675556e-07
58898.500743	7.127841e-06	4.559898e-08
58899.500743	2.322185e-07	1.279012e-07
58900.500743	1.181387e-07	4.390695e-10
58901.500743	9.526399e-08	3.073054e-11
58902.500743	7.488537e-08	1.367935e-08
58903.500743	2.827546e-07	7.271606e-08
58904.500743	3.057248e-07	2.373497e-08
58905.500743	2.927710e-07	1.059970e-07
58906.500743	2.026062e-07	5.925628e-09
58907.500743	2.809226e-07	3.080948e-08
58908.500743	2.662094e-07	4.062576e-08
58909.500743	1.230438e-07	1.790888e-10
58910.500743	1.245737e-07	4.829744e-08
58911.500743	7.728212e-08	6.969186e-11
58912.500743	4.120209e-07	1.023231e-07
58913.500743	4.350610e-07	1.662290e-07
58914.500743	2.937561e-07	3.409919e-08
58915.500743	7.457202e-07	1.575722e-08
58916.500743	4.033450e-07	1.269179e-07
58917.500743	2.232207e-07	3.615842e-08
58918.500743	1.256609e-07	5.810072e-11
58919.500743	1.834859e-07	1.313764e-10
58920.500743	1.369583e-07	2.268335e-10
58921.500743	4.861520e-07	1.581514e-08
58922.500743	6.381887e-07	1.254744e-08
58923.500743	1.148018e-07	2.072911e-09
58924.500743	3.690770e-07	5.384161e-08
58925.500743	2.094245e-07	3.752113e-08
58926.500743	8.891354e-08	1.626107e-10
58927.500743	4.448993e-07	1.030598e-08
58928.500743	1.056003e-07	1.012346e-08
58929.500743	4.623892e-07	9.165179e-08
58930.500743	1.878477e-07	1.769721e-09
58931.500743	2.433177e-07	3.141740e-08
58932.500743	5.913101e-07	2.621920e-08
58933.500743	4.568743e-07	6.922606e-08
58934.500743	4.262951e-07	1.283330e-07
58935.500743	2.694299e-07	7.839393e-09
58936.500743	1.340476e-07	1.588649e-08
58937.500743	1.255222e-07	2.837240e-09
58938.500743	2.741856e-07	2.120692e-08
58939.500743	3.649698e-07	5.623029e-08
58940.500743	1.754742e-07	6.262998e-08
58941.500743	6.376958e-08	2.723226e-11
58942.500743	7.904962e-07	1.899258e-07
58943.500743	6.063460e-08	5.478712e-12
58944.500743	7.277205e-08	4.824214e-11
58945.500743	8.846293e-08	1.800353e-09
58946.500743	2.475314e-07	5.564110e-08
58947.500743	1.024719e-07	3.517403e-11
58948.500743	4.326891e-07	3.938874e-08
58949.500743	9.326924e-08	2.515730e-08
58950.500743	4.534255e-07	9.436513e-09
58951.500743	1.502298e-07	6.021948e-08
58952.500743	2.386442e-07	3.405292e-08
58953.500743	2.276638e-07	3.118264e-08
58954.500743	1.512220e-07	5.915921e-08
58955.500743	7.117693e-08	8.533470e-12
58956.500743	2.144270e-07	2.372407e-08
58957.500743	7.897581e-08	9.786895e-09
58958.500743	2.099930e-07	6.848262e-08
58959.500743	7.977228e-08	1.078487e-08
58960.500743	1.212145e-07	3.012905e-09
58961.500743	7.807773e-08	1.110354e-08
58962.500743	5.659297e-08	3.288496e-13
58963.500743	2.044481e-07	1.113406e-08
58964.500743	3.450408e-07	4.660584e-08
58965.500743	2.862631e-07	8.467536e-08
58966.500743	3.450260e-07	7.482924e-09
58967.500743	6.154151e-08	3.426562e-13
58968.500743	9.535362e-08	2.853428e-08
58969.500743	4.121485e-07	1.067634e-08
58970.500743	4.566664e-07	1.690505e-08
58971.500743	3.451857e-07	6.440543e-08
58972.500743	3.468178e-07	6.549732e-08
58973.500743	2.489361e-07	7.348401e-09
58974.500743	2.519188e-07	2.899082e-08
58975.500743	1.188398e-07	1.678239e-12
58976.500743	2.812135e-07	1.077361e-08
58977.500743	2.697400e-07	1.050119e-07
58978.500743	5.723094e-07	1.748390e-07
58979.500743	1.326131e-07	5.298685e-11
58980.500743	1.139103e-07	2.390372e-09
58981.500743	1.332419e-07	5.271225e-08
58982.500743	3.820714e-07	1.277507e-07
58983.500743	1.776688e-07	2.337383e-08
58984.500743	9.041618e-08	7.908027e-11
58985.500743	1.652135e-07	5.510373e-09
58986.500743	1.231401e-07	1.559754e-08
58987.500743	3.365467e-07	1.209555e-07
58988.500743	3.281375e-07	5.588712e-08
58989.500743	1.050964e-07	2.626442e-10
58990.500743	9.707767e-08	1.463278e-11
58991.500743	8.116310e-08	1.286238e-09
58992.500743	1.212833e-07	1.365955e-08
58993.500743	4.735159e-07	1.224068e-07
58994.500743	1.745921e-07	1.657347e-08
58995.500743	1.222698e-07	5.097329e-10
58996.500743	7.755551e-08	3.461070e-12
58997.500743	8.251777e-07	6.525450e-08
58998.500743	2.684145e-07	7.128398e-08
58999.500743	1.121375e-07	1.328255e-10
59000.500743	8.506476e-08	3.620470e-11
59001.500743	1.687657e-07	1.197056e-10
59002.500743	1.851414e-07	6.354208e-09
59003.500743	8.684877e-08	3.907315e-11
59004.500743	1.447558e-07	3.603616e-09
59005.500743	3.863720e-07	4.013009e-08
59006.500743	1.172172e-07	4.348495e-08
59007.500743	7.773623e-08	1.135627e-08
59008.500743	1.906877e-07	8.583864e-08
59009.500743	1.473144e-07	2.563056e-08
59010.500743	2.037229e-07	3.645151e-08
59011.500743	9.561478e-08	1.520935e-10
59012.500743	9.083033e-08	2.680137e-08
59013.500743	3.152219e-07	8.781738e-09
59014.500743	3.213363e-07	2.074565e-08
59015.500743	1.216879e-07	4.229316e-11
59016.500743	1.156905e-07	8.531059e-10
59017.500743	2.213225e-07	9.061791e-08
59019.500743	5.300319e-07	8.386915e-08
59020.500743	1.666237e-07	3.664826e-08
59021.500743	4.284568e-07	6.197133e-08
59022.500743	4.653945e-07	6.778112e-08
59023.500743	1.253207e-07	1.334840e-08
59024.500743	7.009052e-07	6.139757e-08
59025.500743	1.619735e-07	9.552157e-10
59026.500743	2.088938e-07	2.936259e-08
59027.500743	5.431015e-07	5.918615e-08
59028.500743	1.291048e-07	6.489553e-11
59029.500743	1.258815e-07	6.505580e-11
59030.500743	8.036667e-08	2.397422e-11
59031.500743	5.092674e-07	9.253154e-08
59032.500743	4.790558e-07	1.378949e-07
59033.500743	1.444369e-07	2.462970e-09
59034.500743	4.634540e-07	1.528119e-07
59035.500743	2.161771e-07	7.988628e-08
59036.500743	5.861898e-07	8.137073e-08
59037.500743	3.977518e-07	3.170897e-08
59038.500743	3.689428e-07	5.319782e-08
59039.500743	1.488002e-07	2.456720e-08
59040.500743	1.930711e-07	4.005807e-08
59041.500743	1.331196e-07	1.994796e-11
59042.500743	2.268531e-07	8.723580e-08
59043.500743	1.064035e-07	4.857977e-09
59044.500743	1.631844e-06	2.661410e-07
59045.500743	1.437614e-05	7.159568e-07
59046.500743	5.243151e-06	7.861741e-09
59047.500743	4.015373e-06	1.052718e-08
59048.500743	4.495179e-05	2.002222e-08
59053.500743	8.122059e-05	1.230611e-07
59059.500743	1.762865e-04	3.967811e-08
59060.500743	3.789898e-06	1.207209e-08
59061.500743	1.179824e-06	3.489090e-09
59062.500743	1.804456e-06	6.703264e-07
59063.500743	5.102331e-07	4.641237e-08
59064.500743	3.806794e-07	1.174486e-08
59065.500743	4.775922e-07	6.128535e-08
59066.500743	3.130247e-07	4.890068e-08
59067.500743	4.543165e-07	7.461402e-08
59068.500743	5.350640e-07	5.334016e-08
59069.500743	1.212991e-07	5.592817e-11
59070.500743	2.632427e-07	6.466089e-09
59071.500743	3.684934e-07	4.062564e-08
59072.500743	5.284647e-07	1.091414e-08
59073.500743	1.772695e-07	2.265715e-10
59074.500743	1.803022e-07	4.602926e-09
59075.500743	9.740054e-08	4.605221e-11
59076.500743	2.264106e-07	7.106163e-08
59077.500743	2.044788e-07	5.281553e-09
59078.500743	2.472282e-07	3.724839e-08
59079.500743	3.219888e-07	6.478091e-08
59080.500743	2.269586e-07	3.592226e-08
59081.500743	9.867501e-08	2.249425e-10
59082.500743	2.945907e-07	3.278889e-08
59083.500743	1.775634e-07	3.070614e-08
59084.500743	4.825177e-07	9.576885e-08
59085.500743	1.085217e-07	1.923349e-08
59086.500743	4.687629e-07	6.815464e-08
59087.500743	1.032613e-07	2.162268e-10
59088.500743	1.224235e-07	5.529533e-08
59089.500743	2.529598e-07	4.615672e-08
59090.500743	1.396212e-07	5.101173e-09
59091.500743	1.284388e-07	1.621985e-09
59092.500743	2.650674e-07	3.447104e-08
59093.500743	2.069524e-07	5.226820e-08
59094.500743	4.220489e-07	5.143644e-08
59095.500743	1.190554e-07	1.753510e-11
59096.500743	1.185638e-07	1.207354e-10
59097.500743	3.371341e-07	6.928267e-09
59098.500743	1.122113e-07	1.546765e-10
59099.500743	3.881557e-07	7.480228e-08
59100.500743	8.530438e-07	1.107676e-07
59101.500743	4.876997e-07	5.993732e-08
59102.500743	1.997936e-07	4.906385e-09
59103.500743	1.430268e-07	2.761583e-09
59104.500743	1.660611e-07	4.221116e-10
59105.500743	1.972009e-07	3.414472e-08
59106.500743	7.067135e-07	1.883698e-07
59107.500743	1.812979e-07	4.972238e-09
59108.500743	1.550864e-07	2.422847e-08
59110.500743	1.108374e-07	2.855911e-08
59111.500743	9.470162e-08	2.190408e-11
59112.500743	3.006309e-07	9.969969e-08
59113.500743	1.096995e-07	3.539242e-08
59114.500743	1.520589e-07	1.299198e-09
59115.500743	1.210269e-07	4.546941e-13
59116.500743	1.157132e-07	3.183991e-10
59117.500743	1.872136e-07	6.776327e-09
59118.500743	1.702382e-07	1.903744e-08
59119.500743	9.421743e-08	3.417070e-10
59120.500743	1.779549e-07	1.507532e-08
59121.500743	1.287961e-07	3.670743e-09
59122.500743	6.998123e-08	1.640792e-09
59123.500743	1.033093e-07	3.727781e-09
59124.500743	9.508135e-08	1.359317e-08
59125.500743	2.262158e-07	2.681384e-08
59126.500743	4.537913e-07	6.815064e-08
59127.500743	9.747865e-08	7.569457e-09
59128.500743	7.107483e-08	8.166360e-12
59129.500743	7.695260e-08	5.674114e-11
59130.500743	1.475229e-07	5.690113e-08
59131.500743	4.922287e-08	9.335585e-12
59132.500743	1.681540e-07	7.166713e-08
59133.500743	5.285605e-07	1.060970e-07
59134.500743	7.113856e-07	9.289413e-08
59135.500743	4.583638e-07	5.475252e-08
59136.500743	4.604477e-07	6.987388e-08
59137.500743	1.199510e-07	2.331852e-10
59138.500743	8.221483e-08	1.163969e-10
59139.500743	7.983252e-08	1.011010e-10
59140.500743	2.207743e-07	1.906255e-08
59141.500743	2.757658e-07	3.882477e-08
59142.500743	1.057196e-07	2.284936e-11
59143.500743	2.929120e-07	6.135171e-08
59144.500743	1.152035e-07	1.935197e-08
59145.500743	1.276990e-07	4.116429e-11
59146.500743	1.452787e-07	2.357080e-10
59147.500743	1.141920e-07	1.340903e-09
59148.500743	4.544543e-08	1.461641e-11
59149.500743	8.055950e-08	5.864827e-09
59150.500743	1.525917e-07	5.306446e-08
59151.500743	3.858690e-07	4.772395e-08
59152.500743	2.974943e-07	1.058919e-07
59153.500743	3.803210e-07	1.234033e-08
59154.500743	7.215116e-08	1.459700e-11
59155.500743	1.965586e-07	5.624741e-09
59156.500743	6.409170e-08	4.919115e-11
59157.500743	2.670208e-07	1.813308e-08
59158.500743	2.821115e-07	1.342088e-07
59159.500743	7.041877e-08	2.112470e-12
59160.500743	8.573850e-08	6.541066e-11
59161.500743	7.001512e-07	6.704759e-08
59162.500743	2.293801e-07	4.435235e-08
59163.500743	1.330356e-07	7.092884e-11
59164.500743	1.135162e-07	2.110384e-09
59165.500743	7.650424e-08	2.313919e-09
59166.500743	1.246084e-07	2.050185e-08
59167.500743	3.032788e-07	3.124232e-08
59168.500743	2.311160e-07	2.207946e-08
59169.500743	1.286991e-07	3.438802e-11
59170.500743	1.536720e-07	4.399264e-09
59171.500743	2.399985e-07	7.731706e-08
59172.500743	1.829775e-07	4.685047e-08
59173.500743	2.172304e-07	3.971324e-08
59174.500743	3.213804e-07	4.422039e-08
59175.500743	7.700262e-08	1.760778e-09
59176.500743	5.164877e-08	2.969142e-11
59177.500743	4.085925e-08	1.057441e-11
59178.500743	9.710546e-08	3.714404e-08
59179.500743	1.490243e-07	1.963785e-08
59180.500743	3.234040e-07	9.175680e-09
59181.500743	1.897936e-07	4.114385e-09
59182.500743	2.208943e-07	7.355509e-08
59183.500743	1.421241e-07	2.985508e-08
59184.500743	1.051560e-07	9.259622e-11
59185.500743	7.556410e-08	1.646614e-09
59186.500743	6.984459e-08	1.684205e-12
59187.500743	7.776438e-08	5.361889e-11
59188.500743	7.456883e-07	7.759415e-08
59189.500743	2.710740e-07	6.025223e-08
59190.500743	7.388338e-08	7.086012e-11
59191.500743	2.161526e-07	4.325511e-08
59192.500743	5.012254e-08	1.484600e-11
59193.500743	1.009810e-07	3.706643e-12
59194.500743	1.494951e-07	8.473630e-10
59195.500743	1.906122e-07	6.647044e-08
59196.500743	2.844207e-07	4.905214e-08
59197.500743	4.535241e-07	1.398177e-08
59198.500743	6.181131e-08	5.967490e-12
59199.500743	1.329231e-07	1.786527e-10
59200.500743	7.979716e-08	1.351469e-12
59201.500743	1.585692e-07	2.303262e-08
59202.500743	2.158076e-07	7.177025e-09
59203.500743	1.192683e-07	2.714135e-11
59204.500743	2.366531e-07	2.815405e-08
59205.500743	1.230748e-06	4.201539e-07
59206.500743	1.734746e-06	2.428640e-07
59207.500743	1.764559e-06	2.779201e-07
59208.500743	8.415044e-07	2.618198e-10
59209.500743	1.025249e-06	2.590784e-07
59210.500743	4.871372e-07	7.796157e-11
59211.500743	1.650448e-06	2.497061e-07
59212.500743	2.543997e-07	1.972467e-10
59213.500743	5.551661e-07	1.566414e-09
59214.500743	6.767056e-07	2.864256e-09
59215.500743	5.571956e-07	4.660208e-09
59216.500743	7.547490e-07	3.650953e-07
59217.500743	1.333394e-06	4.695534e-07
59218.500743	1.067890e-06	3.410610e-09
59219.500743	1.821522e-06	4.623537e-07
59220.500743	2.408640e-06	6.700795e-09
59221.500743	4.023123e-06	5.884913e-07
59222.500743	1.087858e-06	7.006039e-10
59223.500743	1.414739e-06	3.262968e-07
59224.500743	2.602822e-07	1.199579e-10
59225.500743	3.098154e-07	4.757287e-08
59226.500743	3.005763e-07	4.490213e-08
59227.500743	1.739247e-07	1.100433e-10
59228.500743	6.459109e-07	1.452515e-08
59229.500743	3.160264e-07	4.264389e-08
59230.500743	2.207419e-07	5.721911e-09
59231.500743	1.818089e-07	4.764605e-09
59232.500743	1.587323e-07	3.305757e-09
59233.500743	4.878422e-07	8.031007e-08
59234.500743	4.442151e-07	4.751801e-08
59235.500743	1.119351e-07	3.774997e-09
59236.500743	2.959817e-07	5.303743e-08
59237.500743	7.767029e-08	3.531464e-12
59238.500743	8.913228e-08	2.749999e-10
59239.500743	4.925771e-07	1.067089e-08
59240.500743	1.684177e-07	1.912081e-08
59241.500743	1.179746e-07	1.646472e-10
59242.500743	8.890329e-07	7.139563e-08
59243.500743	6.764582e-07	8.498235e-08
59244.500743	2.953925e-07	3.957037e-08
59245.500743	1.352165e-07	6.375720e-10
59246.500743	1.062687e-07	2.366577e-11
59247.500743	7.771516e-08	1.533610e-09
59248.500743	8.087430e-08	3.700019e-08
59249.500743	1.810220e-07	4.104463e-09
59250.500743	1.332540e-07	2.269592e-08
59251.500743	3.699905e-07	9.823627e-09
59252.500743	7.453914e-08	1.564872e-11
59253.500743	3.533401e-06	3.072717e-08
59255.500743	5.976951e-05	2.712146e-06
59256.500743	3.884042e-05	2.396267e-06
59257.500743	1.946715e-05	1.945857e-06
59258.500743	1.337145e-05	1.160574e-06
59259.500743	1.828028e-05	1.647950e-06
59260.500743	1.755489e-05	1.664037e-06
59261.500743	4.195610e-05	2.070794e-07
59263.500743	2.785440e-06	3.094797e-08
59264.500743	7.823908e-06	1.158610e-06
59265.500743	6.911876e-06	2.119453e-06
59266.500743	1.106444e-05	5.779926e-08
59267.500743	4.158856e-06	6.438460e-07
59268.500743	2.020382e-07	2.493981e-08
59269.500743	6.308699e-08	6.552863e-12
59270.500743	6.392404e-07	5.584608e-08
59271.500743	4.024370e-07	1.134759e-08
59272.500743	4.361127e-07	4.885002e-08
59273.500743	2.394922e-07	1.352124e-08
59274.500743	2.518890e-07	4.934918e-08
59275.500743	3.241382e-07	1.083627e-07
59276.500743	1.506381e-07	3.042216e-08
59277.500743	1.459389e-07	1.032236e-08
59278.500743	1.947919e-07	2.386470e-08
59279.500743	8.079113e-08	1.034621e-10
59280.500743	1.416522e-07	1.487487e-08
59281.500743	3.712196e-07	5.816875e-08
59282.500743	1.943316e-07	1.483246e-09
59283.500743	1.945218e-07	1.021230e-10
59284.500743	1.160392e-07	1.888680e-11
59285.500743	8.283665e-07	8.848010e-08
59286.500743	3.255882e-07	6.730497e-08
59287.500743	1.865211e-07	2.875728e-08
59288.500743	1.975371e-07	7.421613e-10
59289.500743	8.618487e-08	2.934772e-09
59290.500743	4.380353e-07	7.217589e-08
59291.500743	1.350585e-07	6.814865e-09
59292.500743	6.197747e-08	1.473954e-11
59293.500743	4.533191e-07	1.811005e-08
59294.500743	1.162159e-07	2.786696e-11
59295.500743	9.337619e-08	2.329029e-09
59296.500743	8.873102e-08	6.825315e-09
59297.500743	5.988849e-07	9.952137e-08
59298.500743	8.988703e-08	1.125787e-08
59299.500743	3.973998e-07	4.065380e-08
59300.500743	2.633110e-07	3.199070e-08
59301.500743	2.838484e-07	9.813314e-08
59302.500743	2.357625e-07	3.358454e-08
59303.500743	5.109768e-08	8.690874e-12
59304.500743	4.663504e-07	1.374280e-07
59305.500743	1.102448e-07	1.806873e-08
59306.500743	1.861869e-07	4.448014e-09
59307.500743	2.272316e-07	7.323360e-08
59308.500743	4.609350e-07	1.448179e-07
59309.500743	2.424344e-07	8.192686e-09
59310.500743	3.120740e-07	1.211527e-07
59311.500743	1.483740e-07	2.284191e-09
59312.500743	1.063227e-07	2.222093e-08
59313.500743	1.201680e-07	2.955689e-09
59314.500743	3.459166e-07	8.275901e-08
59315.500743	7.453990e-08	3.650737e-11
59316.500743	1.650490e-07	4.333556e-08
59317.500743	3.376419e-07	8.263960e-09
59318.500743	4.187341e-07	2.679965e-08
59319.500743	1.675786e-07	6.869379e-08
59320.500743	3.686666e-07	9.224041e-08
59321.500743	3.160960e-07	3.803086e-08
59322.500743	2.362491e-07	5.532436e-08
59323.500743	4.236794e-07	5.084912e-08
59324.500743	2.697314e-07	7.997683e-09
59325.500743	4.573910e-07	2.772553e-08
59326.500743	2.263356e-07	5.850998e-09
59327.500743	9.519286e-08	2.823757e-10
59328.500743	1.159720e-07	2.865443e-08
59329.500743	5.582052e-08	2.503129e-11
59330.500743	3.131258e-07	6.419928e-08
59331.500743	1.996420e-07	7.118499e-08
59332.500743	3.295596e-07	4.573766e-08
59333.500743	2.426257e-07	2.887980e-08
59334.500743	3.777895e-07	1.054726e-07
59335.500743	1.884367e-07	8.072844e-08
59336.500743	2.050246e-07	6.063088e-09
59337.500743	2.722023e-07	8.236270e-08
59338.500743	2.326730e-07	6.829455e-09
59339.500743	2.663044e-07	8.097702e-08
59340.500743	9.168954e-08	1.657509e-09
59341.500743	2.046625e-07	6.311289e-09
59342.500743	1.291348e-07	2.920672e-10
59343.500743	1.512715e-07	2.048859e-08
59344.500743	2.951708e-07	6.755964e-08
59345.500743	5.465330e-07	9.029112e-08
59346.500743	9.277215e-08	1.234619e-11
59347.500743	1.816521e-07	2.408118e-08
59348.500743	1.104163e-07	1.594727e-08
59349.500743	6.829754e-08	1.090710e-10
59350.500743	1.245301e-07	5.441611e-10
59351.500743	4.023810e-07	4.037356e-08
59352.500743	1.042244e-06	2.627456e-07
59353.500743	1.222171e-07	1.447926e-11
59354.500743	8.278058e-07	9.883750e-08
59355.500743	3.457114e-07	1.009282e-08
59356.500743	2.088030e-07	3.115730e-08
59357.500743	7.574851e-07	1.300354e-08
59358.500743	2.474657e-07	3.717419e-08
59359.500743	9.871690e-08	1.406950e-11
59360.500743	2.715171e-07	3.702552e-08
59361.500743	1.768964e-07	2.259810e-08
59362.500743	2.584293e-07	3.915315e-09
59363.500743	1.007829e-07	1.379573e-08
59364.500743	5.114638e-07	1.299205e-07
59365.500743	3.234609e-07	2.270576e-08
59366.500743	3.029196e-07	1.022178e-07
59367.500743	8.027208e-07	2.155971e-07
59368.500743	2.534897e-07	3.708924e-08
59369.500743	2.417346e-07	6.194049e-09
59370.500743	2.315776e-07	3.624044e-08
59371.500743	5.979633e-07	1.248035e-08
59372.500743	1.872319e-07	2.636675e-07
59373.500743	3.395232e-07	1.075149e-07
59374.500743	1.431472e-07	1.805889e-09
59375.500743	2.191160e-07	3.492782e-08
59376.500743	2.311492e-07	2.348794e-08
59377.500743	5.592866e-08	2.069958e-11
59378.500743	2.985018e-07	3.529333e-08
59379.500743	8.240314e-07	1.909919e-07
59380.500743	3.093977e-07	5.441906e-09
59381.500743	5.533762e-08	4.261582e-11
59382.500743	3.908478e-07	1.027443e-08
59383.500743	7.078424e-07	8.463888e-08
59384.500743	2.288314e-07	5.667133e-09
59385.500743	3.650787e-07	3.528712e-08
59386.500743	8.723227e-08	2.056135e-09
59387.500743	7.987748e-08	5.639927e-11
59388.500743	2.051322e-07	2.545170e-08
59389.500743	1.299544e-07	1.250397e-10
59390.500743	3.094301e-07	3.205287e-08
59391.500743	8.372177e-08	5.934178e-11
59392.500743	3.874927e-07	9.818790e-09
59393.500743	9.384026e-08	1.426416e-10
59394.500743	1.259009e-07	1.814862e-09
59395.500743	2.241985e-07	1.004975e-07
59396.500743	1.085266e-07	3.365955e-08
59397.500743	3.448378e-07	3.456022e-08
59398.500743	3.823625e-07	6.670118e-08
59399.500743	3.067955e-07	3.326262e-08
59400.500743	2.764264e-07	2.896425e-08
59401.500743	1.527255e-07	1.060016e-09
59402.500743	4.375677e-07	7.126192e-08
59403.500743	1.100572e-07	1.532532e-08
59404.500743	1.414460e-07	9.661111e-10
59405.500743	3.461813e-07	1.420014e-07
59406.500743	6.314822e-07	9.361975e-09
59407.500743	7.138036e-07	2.091629e-07
59408.500743	2.121601e-07	7.356840e-09
59409.500743	2.892572e-07	7.444848e-09
59410.500743	5.652640e-07	1.785237e-07
59411.500743	2.501697e-07	3.344897e-08
59412.500743	3.278324e-07	6.601818e-09
59413.500743	4.079521e-07	5.034906e-08
59414.500743	4.338042e-06	8.334817e-07
59415.500743	6.087372e-06	1.442389e-08
59417.500743	6.420759e-06	1.801646e-08
59418.500743	9.270400e-05	5.656304e-09
59429.500743	1.213293e-05	1.897452e-08
59430.500743	3.431300e-06	1.228845e-08
59431.500743	2.899988e-06	1.729337e-08
59432.500743	3.445605e-07	9.225650e-08
59433.500743	1.120300e-07	7.897325e-11
59434.500743	5.523082e-07	9.810275e-08
59435.500743	4.962357e-07	1.177441e-08
59436.500743	1.868655e-07	3.398621e-08
59437.500743	2.468109e-07	9.041178e-09
59438.500743	4.638173e-07	1.213449e-08
59439.500743	4.106776e-07	9.011018e-09
59440.500743	4.602205e-07	3.663735e-08
59441.500743	2.591327e-07	4.993159e-08
59442.500743	1.099377e-07	2.471728e-10
59443.500743	1.844670e-07	2.950415e-08
59444.500743	4.132403e-07	6.175842e-08
59445.500743	2.224044e-07	2.975920e-08
59446.500743	6.681593e-08	1.915430e-12
59447.500743	3.058882e-07	8.796748e-09
59448.500743	3.799585e-07	9.575423e-09
59449.500743	5.075652e-07	1.577796e-07
59450.500743	8.586940e-08	2.071994e-09
59451.500743	3.593787e-07	8.402893e-09
59452.500743	6.422299e-07	7.920747e-08
59453.500743	1.619944e-07	3.797896e-09
59454.500743	1.436286e-07	5.507778e-08
59455.500743	1.519452e-07	4.619991e-10
59456.500743	1.450412e-07	9.589554e-10
59457.500743	1.216868e-07	1.512073e-10
59458.500743	3.200347e-07	5.812301e-08
59459.500743	2.748725e-07	3.158071e-08
59460.500743	1.704530e-07	1.872927e-08
59461.500743	9.526437e-07	1.961244e-08
59462.500743	1.668644e-07	5.865114e-08
59463.500743	8.687716e-08	9.904002e-11
59464.500743	1.759423e-07	3.606898e-08
59465.500743	3.417965e-07	1.308474e-07
59466.500743	2.363971e-07	1.038651e-07
59467.500743	2.966700e-07	7.498110e-08
59468.500743	1.391287e-07	3.113097e-10
59469.500743	9.217710e-07	1.117255e-07
59470.500743	1.382998e-07	1.471960e-11
59471.500743	3.644331e-07	1.725820e-07
59472.500743	1.347984e-07	1.942095e-10
59473.500743	1.786023e-07	2.446684e-08
59474.500743	1.518071e-07	1.813750e-08
59475.500743	3.120144e-07	4.722398e-08
59476.500743	4.835195e-07	5.705307e-08
59477.500743	1.692445e-07	1.854945e-08
59478.500743	1.467272e-07	1.784283e-10
59479.500743	7.301068e-08	1.598892e-11
59480.500743	1.112041e-07	3.945265e-08
59481.500743	1.915891e-07	4.627139e-09
59482.500743	9.966324e-08	7.209024e-12
59483.500743	4.249983e-07	1.221916e-07
59484.500743	3.485367e-07	1.181023e-07
59485.500743	3.067765e-07	5.066671e-08
59486.500743	2.534587e-07	4.479108e-08
59487.500743	1.562152e-07	1.041050e-07
59488.500743	7.023291e-07	9.175804e-08
59489.500743	5.158917e-07	1.501708e-07
59490.500743	7.382224e-07	1.204260e-08
59491.500743	5.781438e-07	8.468015e-08
59492.500743	1.214737e-07	4.850735e-09
59493.500743	2.448093e-07	3.255695e-08
59494.500743	1.770348e-07	4.202566e-09
59495.500743	1.604445e-07	4.313896e-09
59496.500743	1.285907e-07	4.866154e-09
59497.500743	3.809279e-07	3.607701e-08
59498.500743	1.092604e-07	9.106958e-08
59499.500743	1.452403e-07	4.573507e-09
59500.500743	1.131944e-07	5.487393e-11
59501.500743	4.583937e-07	4.230652e-08
59502.500743	8.877544e-08	8.653608e-09
59503.500743	1.107050e-07	7.587784e-09
59504.500743	2.334153e-07	3.068880e-08
59505.500743	1.068904e-07	1.273384e-10
59506.500743	3.759930e-07	4.175006e-08
59507.500743	1.991284e-07	4.102603e-08
59508.500743	2.948250e-07	1.205989e-07
59509.500743	5.352330e-07	6.197923e-09
59510.500743	1.564113e-07	3.891098e-09
59511.500743	8.160037e-08	3.272307e-11
59512.500743	2.586143e-07	9.363875e-09
59513.500743	7.449846e-08	1.641285e-09
59514.500743	3.184996e-07	5.458113e-09
59515.500743	8.172560e-08	2.053469e-10
59516.500743	3.517521e-07	3.043158e-08
59517.500743	1.552232e-07	2.117677e-08
59518.500743	1.525253e-07	5.196989e-08
59519.500743	8.171465e-08	4.183142e-11
59520.500743	3.379955e-07	1.109436e-07
59521.500743	1.020379e-07	1.713951e-10
59522.500743	3.583511e-07	1.096193e-07
59523.500743	1.503553e-07	4.521799e-09
59524.500743	7.673349e-08	7.591879e-13
59525.500743	2.405550e-07	8.526231e-08
59526.500743	6.450745e-08	2.662297e-12
59527.500743	1.315573e-07	4.346552e-10
59528.500743	2.259054e-07	3.229913e-08
59529.500743	5.924746e-07	4.538413e-08
59530.500743	5.054290e-07	1.279757e-07
59531.500743	1.048112e-07	8.042845e-11
59532.500743	7.623269e-08	4.293123e-11
59533.500743	1.354271e-07	1.452458e-10
59534.500743	2.812467e-07	6.728096e-08
59535.500743	1.147832e-07	1.210975e-08
59536.500743	1.768428e-07	1.965245e-08
59537.500743	6.134570e-08	6.130956e-11
59538.500743	7.453847e-08	6.701584e-11
59539.500743	1.521571e-07	1.662684e-08
59540.500743	2.474672e-07	2.538122e-08
59541.500743	1.070358e-07	1.314681e-08
59542.500743	1.168005e-07	3.196318e-11
59543.500743	7.748909e-07	8.499764e-08
59544.500743	8.282897e-08	1.255719e-11
59545.500743	1.163046e-07	1.922035e-08
59546.500743	1.652746e-07	6.430560e-08
59547.500743	1.840124e-07	7.003983e-08
59548.500743	2.811692e-07	3.736333e-08
59549.500743	3.383694e-07	4.502408e-08
59550.500743	7.745118e-08	1.100908e-12
59551.500743	8.296206e-08	1.198230e-11
59552.500743	1.415691e-07	1.887469e-08
59553.500743	4.223412e-07	4.358874e-08
59554.500743	1.364628e-07	1.317208e-08
59555.500743	4.366266e-07	1.249540e-07
59556.500743	5.451864e-07	6.263542e-08
59557.500743	1.913501e-07	1.530112e-08
59558.500743	2.453095e-07	8.759618e-08
59559.500743	1.731405e-07	8.640043e-09
59560.500743	2.628974e-07	1.026182e-08
59561.500743	7.764926e-08	2.582705e-08
59562.500743	4.164374e-07	1.695927e-08
59563.500743	4.788043e-07	1.413654e-07
59564.500743	6.620188e-08	2.967573e-12
59565.500743	2.853049e-07	1.132921e-07
59566.500743	4.031723e-07	1.304884e-07
59567.500743	2.622001e-07	5.369911e-08
59568.500743	7.212152e-08	6.606371e-09
59569.500743	1.084020e-07	1.363164e-09
59570.500743	4.810810e-07	9.501257e-09
59571.500743	1.732120e-07	1.028374e-09
59572.500743	1.654569e-07	2.394393e-08
59573.500743	8.354363e-08	8.817168e-09
59574.500743	3.698785e-07	8.582830e-08
59575.500743	9.169194e-06	6.080328e-07
59576.500743	5.709974e-06	1.743462e-08
59577.500743	7.170494e-06	7.392579e-07
59578.500743	9.366022e-07	1.412377e-08
59579.500743	4.144893e-06	7.407660e-07
59580.500743	8.568642e-07	3.464842e-07
59581.500743	9.374614e-07	5.677818e-09
59582.500743	8.809828e-07	4.550981e-07
59583.500743	1.844837e-06	7.532011e-07
59584.500743	7.421547e-07	3.927615e-09
59585.500743	2.799912e-06	5.181072e-07
59586.500743	1.164517e-06	2.012961e-09
59587.500743	1.798111e-06	5.722096e-07
59588.500743	1.466818e-06	7.177627e-10
59589.500743	2.116206e-06	6.197463e-09
59590.500743	2.153697e-06	4.594627e-09
59591.500743	1.120520e-06	4.336271e-10
59592.500743	9.323759e-07	3.198669e-10
59593.500743	1.092136e-06	4.351817e-07
59594.500743	8.131300e-07	1.747882e-07
59595.500743	4.785088e-07	8.610922e-08
59596.500743	1.333067e-07	4.822474e-08
59597.500743	3.611548e-07	6.969120e-09
59598.500743	6.317977e-07	1.968745e-08
59599.500743	6.216522e-07	1.031421e-07
59600.500743	3.088196e-07	5.637265e-09
59601.500743	7.254942e-07	1.020973e-07
59602.500743	1.799918e-07	4.716508e-09
59603.500743	1.480987e-07	1.399024e-11
59604.500743	1.122802e-07	7.305817e-10
59605.500743	3.192528e-07	3.007005e-08
59606.500743	4.306955e-07	6.050804e-08
59607.500743	1.737962e-07	3.890992e-09
59608.500743	3.236889e-07	6.662717e-09
59609.500743	3.315920e-07	9.812154e-08
59610.500743	1.973424e-07	5.519628e-09
59611.500743	3.231677e-07	5.341764e-08
59612.500743	5.923654e-08	3.296649e-12
59613.500743	1.537281e-07	4.972463e-09
59614.500743	3.516356e-07	5.072967e-08
59615.500743	1.069652e-07	1.285572e-08
59616.500743	1.613663e-07	1.706816e-08
59617.500743	1.781958e-07	5.042980e-09
59618.500743	3.983654e-07	5.460431e-08
59619.500743	1.217878e-07	3.228875e-09
59620.500743	7.463826e-08	7.557876e-12
59621.500743	1.048795e-07	9.116145e-11
59622.500743	1.135780e-07	1.101339e-10
59623.500743	1.344023e-06	1.604994e-09
59624.500743	1.666150e-06	1.731250e-07
59625.500743	6.399605e-06	8.830319e-07
59626.500743	4.608432e-07	2.477204e-09
59627.500743	1.324636e-06	1.550593e-09
59628.500743	8.106565e-06	1.964551e-06
59629.500743	1.658219e-06	1.643381e-08
59630.500743	2.069567e-06	4.356335e-09
59631.500743	1.884853e-06	3.107199e-07
59632.500743	9.803969e-07	2.943725e-09
59633.500743	1.273013e-06	3.218051e-09
59634.500743	3.030016e-06	7.060744e-08
59635.500743	1.106996e-06	3.299806e-10
59636.500743	1.270440e-06	7.199836e-09
59637.500743	1.474419e-07	4.116776e-10
59638.500743	3.639161e-07	1.024645e-08
59639.500743	4.277436e-07	5.100210e-08
59640.500743	5.795128e-08	1.219661e-12
59641.500743	5.340588e-08	3.265913e-11
59642.500743	3.206703e-07	9.682643e-08
59643.500743	1.143433e-07	5.777907e-09
59644.500743	1.930878e-07	2.558676e-08
59645.500743	2.508188e-07	5.590698e-09
59646.500743	1.200934e-07	3.224241e-12
59647.500743	1.444518e-07	5.503170e-08
59648.500743	5.422373e-07	6.381912e-08
59649.500743	1.107905e-07	2.010257e-09
59650.500743	9.374487e-08	9.944257e-11
59651.500743	6.661154e-08	3.347708e-11
59652.500743	4.639021e-07	9.615306e-08
59653.500743	1.385533e-07	4.341282e-11
59654.500743	7.326634e-08	2.240167e-12
59655.500743	1.134296e-07	1.060647e-10
59656.500743	3.879805e-07	1.138879e-08
59657.500743	6.577084e-08	1.258916e-11
59658.500743	9.136990e-08	2.048968e-11
59659.500743	3.668353e-07	3.728394e-08
59660.500743	9.522341e-08	9.154495e-09
59661.500743	7.067980e-08	2.970863e-11
59662.500743	3.024478e-07	5.856797e-08
59663.500743	9.524096e-08	6.887776e-11
59664.500743	6.611976e-07	1.812478e-07
59665.500743	1.612244e-07	9.316578e-10
59666.500743	1.365041e-07	2.648704e-09
59667.500743	2.814490e-07	1.957267e-08
59668.500743	4.931296e-07	3.949365e-08
59669.500743	4.815830e-07	6.798574e-08
59670.500743	3.586783e-07	1.007595e-08
59671.500743	4.388128e-07	2.926448e-08
59672.500743	5.280841e-07	6.666761e-08
59673.500743	4.930338e-07	4.629049e-08
59674.500743	3.370955e-07	3.785582e-08
59675.500743	2.198255e-07	4.702579e-09
59676.500743	1.682320e-07	4.602050e-09
59677.500743	8.426046e-08	1.390637e-11
59678.500743	1.578959e-07	2.893769e-08
59679.500743	8.284542e-08	5.426110e-11
59680.500743	1.378197e-07	1.513850e-09
59681.500743	1.781816e-07	2.138438e-08
59682.500743	1.250133e-07	3.918120e-10
59683.500743	6.129699e-08	2.499529e-12
59684.500743	9.916698e-08	1.756193e-11
59685.500743	3.073160e-07	9.485363e-08
59686.500743	1.046445e-07	2.529504e-10
59687.500743	6.066865e-08	1.534287e-11
59688.500743	1.611804e-07	4.656298e-08
59689.500743	3.135778e-07	9.858645e-08
59690.500743	1.468318e-07	2.029082e-10
59691.500743	3.793398e-07	9.296143e-09
59692.500743	9.672953e-08	1.147029e-11
59693.500743	1.062595e-07	3.504272e-10
59694.500743	4.508770e-08	9.872218e-12
59695.500743	1.943824e-07	3.483903e-08
59696.500743	2.302199e-07	8.625943e-09
59697.500743	2.915938e-07	8.286632e-08
59698.500743	1.838957e-07	2.137152e-08
59699.500743	1.879077e-07	2.026524e-08
59700.500743	8.113526e-08	2.899403e-08
59701.500743	9.702073e-08	1.604622e-11
59702.500743	9.060825e-08	1.586668e-08
59703.500743	7.813178e-08	9.966726e-12
59704.500743	2.685601e-07	7.581710e-08
59705.500743	4.000567e-07	8.999558e-09
59706.500743	1.684685e-07	4.337541e-08
59707.500743	2.764277e-07	5.125289e-08
59708.500743	5.916889e-08	1.468338e-09
59709.500743	2.314939e-07	9.378437e-08
59710.500743	1.016534e-07	4.706349e-11
59711.500743	8.664026e-08	8.024703e-10
59712.500743	2.517004e-07	4.506746e-08
59713.500743	1.856507e-07	1.569868e-07
59714.500743	2.751420e-07	1.451596e-08
59715.500743	1.600255e-07	2.976722e-08
59716.500743	1.764161e-07	4.722325e-08
59717.500743	1.012627e-07	2.486281e-10
59718.500743	1.792453e-07	1.728362e-10
59719.500743	6.068126e-07	1.886077e-07
59720.500743	1.073150e-07	1.961368e-10
59721.500743	5.412842e-07	9.392355e-08
59722.500743	8.874668e-08	3.534973e-10
59723.500743	1.654279e-07	1.571896e-08
59724.500743	8.018191e-08	8.013826e-09
59725.500743	2.872729e-07	3.555345e-08
59726.500743	1.454971e-07	1.646717e-10
59727.500743	9.554624e-08	9.953473e-12
59728.500743	1.589961e-07	4.367109e-08
59729.500743	1.844585e-07	1.168949e-11
59730.500743	1.373270e-07	2.378653e-08
59731.500743	6.734968e-08	2.524539e-11
59732.500743	8.154625e-08	3.361414e-11
59733.500743	1.931042e-07	2.052365e-09
59734.500743	4.807756e-07	1.307358e-08
59735.500743	7.343121e-08	3.217565e-11
59736.500743	3.677794e-07	7.436620e-08
59737.500743	3.486854e-07	4.763116e-08
59738.500743	1.154971e-07	2.587326e-10
59739.500743	2.638192e-07	1.005158e-07
59740.500743	2.448322e-07	4.375820e-08
59741.500743	1.772176e-07	5.972611e-08
59742.500743	3.678399e-07	1.226154e-07
59743.500743	5.575986e-07	6.517511e-08
59744.500743	1.339385e-07	3.910956e-08
59745.500743	1.524799e-07	5.955315e-13
59746.500743	4.913714e-07	1.330929e-07
59747.500743	8.799289e-08	1.768678e-12
59748.500743	3.457646e-07	1.208800e-07
59749.500743	1.567747e-07	1.623452e-10
59750.500743	4.959530e-07	5.956738e-08
59751.500743	4.608989e-07	6.407905e-08
59752.500743	6.917150e-07	1.033336e-08
59753.500743	3.236322e-07	4.645294e-08
59754.500743	7.366016e-08	5.866407e-11
59755.500743	1.235212e-07	4.903319e-11
59756.500743	1.105031e-07	2.194892e-11
59757.500743	4.361124e-07	1.000948e-07
59758.500743	7.484637e-07	9.251404e-08
59759.500743	3.000329e-07	7.010526e-09
59760.500743	1.391313e-07	3.681887e-09
59761.500743	7.876934e-07	7.777492e-08
59762.500743	6.721669e-07	9.965657e-08
59763.500743	2.428966e-07	5.212398e-09
59764.500743	1.737246e-07	4.401084e-09
59765.500743	1.430343e-07	2.271027e-08
59766.500743	1.842386e-07	1.756124e-10
59767.500743	2.581167e-07	8.034911e-09
59768.500743	1.199957e-07	4.553243e-08
59769.500743	3.175739e-07	3.557336e-08
59770.500743	9.088179e-08	2.486115e-11
59771.500743	5.930472e-07	1.200633e-08
59772.500743	3.470122e-07	8.333646e-09
59773.500743	5.229514e-07	1.458685e-08
59774.500743	2.328301e-07	1.044651e-07
59775.500743	2.869092e-07	7.720683e-08
59776.500743	5.092347e-07	5.277688e-08
59777.500743	1.646143e-07	6.158491e-09
59778.500743	1.058602e-07	2.749777e-09
59779.500743	1.809077e-07	2.383031e-08
59780.500743	1.128386e-07	1.770103e-11
59781.500743	1.136698e-07	3.014715e-11
59782.500743	2.499435e-07	1.248138e-09
59783.500743	4.890314e-06	1.216119e-06
59784.500743	5.668549e-06	2.001795e-08
59799.500743	1.189690e-04	2.098941e-08
59800.500743	1.188112e-05	1.772411e-08
59801.500743	1.397806e-07	1.900264e-08
59802.500743	2.102918e-07	5.826226e-09
59803.500743	2.265726e-07	2.492000e-10
59804.500743	1.584326e-07	1.349044e-09
59805.500743	4.780609e-07	1.496390e-08
59806.500743	2.143053e-07	3.296701e-08
59807.500743	1.946878e-07	2.037462e-08
59808.500743	1.752850e-07	1.453704e-09
59809.500743	7.648810e-08	2.114308e-11
59810.500743	8.115654e-08	1.196564e-11
59811.500743	2.595100e-07	2.700241e-08
59812.500743	3.351468e-07	1.004493e-08
59813.500743	9.475498e-08	2.949584e-08
59814.500743	2.689899e-07	1.433612e-07
59815.500743	1.494782e-07	3.157133e-11
59816.500743	7.991659e-07	8.360225e-08
59817.500743	1.427554e-07	2.185268e-08
59818.500743	1.488663e-07	3.595684e-09
59819.500743	1.850443e-07	1.719315e-08
59820.500743	3.416111e-07	8.278537e-09
59821.500743	1.067555e-07	1.509360e-09
59822.500743	1.243550e-07	4.112943e-08
59823.500743	6.210947e-08	1.145616e-09
59824.500743	1.379858e-07	2.012730e-11
59825.500743	1.117623e-07	3.413967e-09
59826.500743	9.176685e-08	5.462795e-12
59827.500743	3.675441e-07	3.532752e-08
59828.500743	3.379476e-07	8.834954e-08
59829.500743	3.693207e-07	5.447702e-08
59830.500743	1.928907e-07	8.308390e-08
59831.500743	3.384763e-07	4.506845e-08
59832.500743	4.697329e-07	8.834638e-08
59833.500743	4.204479e-07	3.677826e-08
59834.500743	4.133957e-07	1.365207e-07
59835.500743	2.461419e-07	2.472474e-08
59836.500743	7.739345e-08	1.000023e-08
59837.500743	1.063490e-07	4.595689e-09
59838.500743	5.388150e-07	5.791640e-08
59839.500743	3.893463e-07	9.286409e-09
59840.500743	3.826587e-07	4.951779e-08
59841.500743	4.885979e-07	4.585318e-08
59842.500743	4.757713e-07	8.246063e-08
59843.500743	6.310277e-07	9.037289e-08
59844.500743	4.353002e-07	6.618062e-08
59845.500743	4.371545e-07	1.333757e-07
59846.500743	1.185799e-07	3.363832e-10
59847.500743	1.316299e-07	1.393145e-08
59848.500743	3.571026e-07	4.629879e-08
59849.500743	2.054394e-07	2.604088e-08
59850.500743	8.292149e-08	4.310442e-12
59851.500743	2.079166e-07	2.767850e-08
59852.500743	1.900401e-07	3.679637e-08
59853.500743	9.106572e-08	1.243720e-08
59854.500743	8.075729e-08	2.751565e-10
59855.500743	1.386824e-07	1.102815e-10
59856.500743	7.881370e-08	2.545699e-09
59857.500743	3.041511e-07	9.067161e-08
59858.500743	2.017441e-07	5.143468e-09
59859.500743	8.198985e-08	2.698186e-11
59860.500743	7.662887e-08	1.718713e-08
59861.500743	8.260439e-08	3.185022e-08
59862.500743	2.012322e-07	4.653361e-08
59863.500743	7.482151e-08	2.023959e-08
59864.500743	6.839839e-08	7.457499e-09
59865.500743	9.983609e-08	8.702527e-12
59866.500743	3.384619e-07	4.060055e-08
59867.500743	1.354619e-07	4.161959e-09
59868.500743	9.643605e-08	1.232056e-11
59869.500743	1.462588e-07	1.234031e-10
59870.500743	5.639027e-07	6.006382e-08
59871.500743	1.563925e-07	1.134558e-09
59872.500743	1.971439e-07	7.538834e-08
59873.500743	8.005684e-08	1.814603e-10
59874.500743	4.342731e-07	4.662468e-08
59875.500743	2.374725e-07	2.917426e-08
59876.500743	1.334363e-07	1.904399e-11
59877.500743	7.381574e-08	9.037846e-09
59878.500743	1.949845e-07	3.708062e-08
59879.500743	1.240323e-07	2.408372e-11
59880.500743	1.814186e-07	1.506059e-08
59881.500743	6.893752e-08	7.361427e-12
59882.500743	5.015678e-08	8.681719e-14
59883.500743	3.855096e-07	6.001272e-08
59884.500743	2.507179e-07	1.051409e-07
59885.500743	1.380412e-07	1.613303e-08
59886.500743	1.779251e-07	3.084700e-08
59887.500743	8.429297e-08	1.096458e-08
59888.500743	7.463468e-08	4.449846e-11
59889.500743	1.215885e-07	5.227649e-08
59890.500743	3.894893e-07	2.933173e-08
59891.500743	9.677589e-08	2.345048e-12
59892.500743	1.893574e-07	2.488199e-08
59893.500743	7.552940e-08	4.863076e-10
59894.500743	1.713109e-07	2.372974e-10
59895.500743	3.523195e-07	1.099683e-07
59896.500743	2.563361e-07	7.628357e-08
59897.500743	3.188518e-07	5.496053e-08
59898.500743	6.580731e-07	1.902026e-07
59899.500743	4.036628e-07	6.785731e-08
59900.500743	1.931821e-07	5.528756e-09
59901.500743	1.187536e-07	7.340799e-11
59902.500743	3.098296e-07	1.168767e-08
59903.500743	5.072192e-07	2.550309e-08
59904.500743	1.051346e-07	6.460182e-10
59905.500743	8.999149e-08	3.798786e-11
59906.500743	1.763833e-07	3.010378e-09
59907.500743	1.485152e-07	4.168810e-08
59908.500743	1.533156e-07	1.591759e-10
59909.500743	4.403264e-07	5.830804e-08
59910.500743	2.862243e-07	5.075544e-08
59911.500743	2.588166e-07	5.063917e-08
59912.500743	3.909217e-07	9.578980e-09
59913.500743	9.881619e-08	2.274904e-12
59914.500743	1.331901e-07	4.169397e-08
59915.500743	4.309917e-07	1.447225e-07
59916.500743	4.024490e-07	5.758494e-08
59917.500743	4.426784e-07	8.076071e-09
59918.500743	1.337310e-07	2.045082e-08
59919.500743	2.580525e-07	9.727700e-08
59920.500743	3.626001e-07	1.257327e-07
59921.500743	7.695230e-08	1.072545e-11
59922.500743	2.128507e-07	1.980670e-08
59923.500743	1.644955e-07	2.022326e-08
59924.500743	3.206601e-07	4.424799e-08
59925.500743	7.391882e-07	9.333829e-08
59926.500743	6.291519e-07	6.208391e-08
59927.500743	3.890910e-07	8.340811e-08
59928.500743	1.400576e-07	8.056935e-10
59929.500743	3.960984e-07	9.608841e-09
59930.500743	1.266122e-07	3.527172e-10
59931.500743	5.717104e-07	6.568735e-08
59932.500743	1.158963e-07	1.582590e-08
59933.500743	5.471305e-07	5.131448e-08
59934.500743	1.491415e-07	4.725124e-08
59935.500743	9.789309e-08	3.406773e-08
59936.500743	2.683318e-07	2.715283e-08
59937.500743	6.463359e-08	1.236486e-10
59938.500743	1.400871e-07	1.427596e-09
59939.500743	1.032671e-07	2.321859e-11
59940.500743	4.545161e-07	1.260181e-07
59941.500743	1.114043e-07	3.396865e-11
59942.500743	3.000687e-07	1.156757e-07
59943.500743	5.727290e-07	4.755992e-07
59944.500743	1.452345e-05	2.031741e-08
59945.500743	1.957419e-04	9.178099e-07
59949.500743	7.994351e-06	7.179053e-07
59950.500743	2.192167e-06	1.532349e-08
59951.500743	7.731499e-06	7.293191e-07
59952.500743	1.595922e-06	4.173150e-10
59953.500743	8.655925e-06	7.410521e-07
59954.500743	1.156236e-05	7.275994e-07
59955.500743	2.184397e-05	7.100272e-07
59956.500743	6.350057e-06	1.597087e-08
59957.500743	2.299744e-05	2.044484e-08
59959.500743	2.516865e-05	1.988128e-08
59960.500743	2.655216e-06	1.625392e-08
59961.500743	3.672177e-06	8.564712e-07
59962.500743	3.902928e-07	1.728128e-10
59963.500743	1.023337e-07	6.427339e-11
59964.500743	1.211807e-07	2.731506e-11
59965.500743	4.375824e-07	1.049179e-08
59966.500743	2.645305e-07	4.062920e-08
59967.500743	3.116365e-07	3.752102e-08
59968.500743	1.238955e-07	4.401107e-08
59969.500743	1.710814e-07	6.425047e-09
59970.500743	5.886369e-07	1.596092e-08
59971.500743	1.030147e-07	3.853115e-11
59972.500743	1.401157e-07	8.465933e-11
59973.500743	4.889712e-07	6.258630e-08
59974.500743	2.225743e-07	6.852253e-09
59975.500743	2.201771e-07	3.292780e-08
59976.500743	9.362015e-08	3.120324e-12
59977.500743	6.866562e-08	4.259226e-11
59978.500743	1.647908e-07	1.081818e-09
59979.500743	1.328125e-07	4.691514e-08
59980.500743	8.519542e-07	9.693174e-08
59981.500743	2.294201e-07	9.005970e-08
59982.500743	7.737552e-08	1.738735e-12
59983.500743	2.527204e-07	5.090488e-08
59984.500743	1.719279e-07	2.251301e-08
59985.500743	1.127811e-07	4.798999e-10
59986.500743	2.429266e-07	2.535178e-08
59987.500743	8.854055e-08	2.119839e-09
59988.500743	3.648737e-07	6.650595e-08
59989.500743	1.087149e-07	2.895777e-12
59990.500743	1.159164e-07	5.429125e-11
59991.500743	2.175654e-07	2.896152e-09
59992.500743	9.848460e-07	8.888797e-08
59993.500743	1.494951e-06	5.480618e-09
59994.500743	1.131316e-05	1.802686e-06
59995.500743	1.412711e-06	1.468999e-09
59996.500743	1.578241e-06	1.815518e-07
59997.500743	2.912228e-06	2.632665e-07
59998.500743	8.327135e-07	1.419963e-09
59999.500743	4.822982e-07	6.614517e-10
60000.500743	1.332811e-06	7.137528e-08
60001.500743	7.222108e-07	1.523633e-07
60002.500743	6.201425e-07	1.431279e-09
60003.500743	1.032373e-06	1.883399e-09
60004.500743	1.741664e-06	6.828287e-10
60005.500743	2.018812e-07	2.715103e-09
60006.500743	9.120732e-08	2.510562e-12
60007.500743	5.068124e-07	1.192396e-07
60008.500743	7.604730e-08	6.368860e-11
60009.500743	2.961642e-07	9.510725e-08
60010.500743	4.291561e-07	1.294179e-07
60011.500743	7.346970e-08	1.064553e-11
60012.500743	1.082641e-07	3.249618e-08
60013.500743	9.414846e-08	2.931649e-09
60014.500743	1.420488e-07	6.204471e-10
60015.500743	3.249997e-07	9.268083e-09
60016.500743	4.810607e-08	3.490852e-11
60017.500743	7.436494e-08	1.362507e-11
60018.500743	9.840458e-08	3.796429e-09
60019.500743	6.205547e-07	5.596745e-08
60020.500743	1.032747e-07	2.377309e-09
60021.500743	3.136873e-07	8.495759e-09
60022.500743	1.841173e-07	5.637106e-09
60023.500743	4.046467e-07	1.200314e-08
60024.500743	1.093853e-07	1.269261e-09
60025.500743	9.939640e-08	1.351456e-10
60026.500743	1.698695e-07	1.172771e-09
60027.500743	1.175908e-07	8.832076e-11
60028.500743	1.630475e-07	3.876981e-08
60029.500743	2.885754e-07	5.285727e-09
60030.500743	5.141436e-07	5.517513e-08
60031.500743	5.862779e-07	9.587855e-08
60032.500743	1.227933e-07	9.050797e-11
60033.500743	6.626045e-08	9.619833e-13
60034.500743	6.485034e-07	1.887480e-07
60035.500743	1.531631e-07	6.825236e-08
60036.500743	1.503199e-07	2.007102e-08
60037.500743	2.634045e-07	3.074694e-08
60038.500743	3.691626e-07	9.209089e-09
60039.500743	8.504642e-08	7.482954e-10
60040.500743	1.757153e-07	3.347088e-08
60041.500743	1.336260e-07	1.039314e-10
60042.500743	4.372286e-08	6.745410e-11
60043.500743	8.899447e-08	2.143097e-11
60044.500743	2.151319e-07	8.580248e-09
60045.500743	1.656104e-07	3.505812e-08
60046.500743	1.044721e-07	8.054284e-11
60047.500743	2.906761e-07	9.246339e-09
60048.500743	5.272915e-08	7.903467e-12
60049.500743	3.412700e-07	7.499188e-09
60050.500743	2.653346e-07	6.486681e-09
60051.500743	2.350510e-07	6.348976e-09
60052.500743	2.867095e-07	1.073497e-08
60053.500743	2.398040e-07	4.267190e-08
60054.500743	6.957333e-08	5.168812e-12
60055.500743	1.162295e-07	1.203929e-10
60056.500743	4.560110e-07	1.177349e-08
60057.500743	7.636770e-08	1.528970e-11
60058.500743	1.851419e-07	6.556004e-08
60059.500743	1.144964e-07	7.945040e-10
60060.500743	3.908679e-07	5.038943e-08
60061.500743	6.226811e-08	3.004458e-10
60062.500743	4.083591e-07	9.392845e-09
60063.500743	3.464942e-07	9.988558e-08
60064.500743	1.156486e-07	3.884530e-09
60065.500743	1.906241e-07	4.743280e-09
60066.500743	7.973013e-08	9.689017e-11
60067.500743	5.467465e-08	5.559792e-11
60068.500743	3.973949e-08	6.706304e-12
60069.500743	3.083585e-07	9.087665e-08
60070.500743	1.198930e-07	1.241620e-08
60071.500743	7.821429e-08	2.916063e-08
60072.500743	8.639500e-08	3.433658e-08
60073.500743	3.744440e-08	2.616670e-11
60074.500743	2.403560e-07	8.430451e-08
60075.500743	1.133189e-07	3.012379e-09
60076.500743	7.854758e-08	2.091175e-09
60077.500743	4.187420e-07	9.421849e-09
60078.500743	2.287790e-07	7.993275e-08
60079.500743	2.014329e-07	7.453276e-08
60080.500743	4.511233e-07	1.672990e-07
60081.500743	3.620416e-07	1.386703e-07
60082.500743	1.994524e-07	9.351446e-09
60083.500743	4.530704e-07	1.224568e-08
60084.500743	1.323113e-07	1.720887e-08
60085.500743	2.296787e-07	1.063175e-07
60086.500743	5.286333e-07	1.391121e-08
60087.500743	6.370293e-08	9.859753e-12
60088.500743	1.533241e-07	6.649465e-10
60089.500743	1.049316e-06	1.094010e-07
60090.500743	1.394958e-07	2.940754e-10
60091.500743	4.730010e-07	1.368291e-07
60092.500743	6.494488e-08	2.723679e-12
60093.500743	1.245958e-07	1.245142e-10
60094.500743	4.068901e-07	4.437071e-08
60095.500743	8.280325e-08	3.002308e-12
60096.500743	1.018383e-07	1.916066e-08
60097.500743	1.613503e-07	6.929909e-09
60098.500743	1.314301e-07	1.370900e-08
60099.500743	2.612010e-07	4.310552e-08
60100.500743	2.587936e-07	5.266062e-08
60101.500743	3.240906e-07	6.182359e-09
60102.500743	1.241562e-07	7.947820e-11
60103.500743	4.877179e-08	2.039444e-12
60104.500743	2.874339e-07	8.995994e-08
60105.500743	1.316194e-07	1.870785e-12
60106.500743	5.288439e-07	6.170750e-08
60107.500743	7.415883e-07	3.676967e-08
60108.500743	2.615220e-07	5.533465e-08
60109.500743	2.611192e-07	3.887371e-08
60110.500743	8.894335e-08	3.250996e-11
60111.500743	1.275325e-07	1.414528e-10
60112.500743	4.749421e-07	1.429142e-07
60113.500743	6.081367e-08	1.246905e-11
60114.500743	7.592329e-08	4.946828e-12
60115.500743	1.720927e-07	4.411250e-09
60116.500743	4.374938e-07	6.645506e-08
60117.500743	6.019776e-07	1.827088e-07
60118.500743	3.258494e-07	4.896870e-08
60119.500743	4.872197e-07	4.466133e-08
60120.500743	5.855421e-08	9.266550e-13
60121.500743	1.306569e-07	1.861947e-08
60122.500743	2.713764e-07	3.693046e-08
60123.500743	3.609213e-07	4.349998e-08
60124.500743	3.050922e-07	1.096613e-07
60125.500743	8.449724e-08	2.036851e-11
60126.500743	1.104230e-07	1.115901e-10
60127.500743	2.782668e-07	6.222065e-09
60128.500743	2.547199e-07	1.873319e-07
60129.500743	7.901736e-08	2.327743e-09
60130.500743	3.719416e-07	4.188838e-08
60131.500743	2.452031e-07	7.395459e-10
60132.500743	1.138913e-07	1.280744e-10
60133.500743	1.308574e-07	1.981656e-08
60134.500743	2.208372e-07	3.575024e-08
60135.500743	1.349849e-07	9.981039e-10
60136.500743	2.004428e-07	6.812492e-09
60137.500743	1.601929e-07	3.323099e-08
60138.500743	2.076519e-07	2.324748e-08
60139.500743	1.156565e-07	1.416286e-08
60140.500743	3.490917e-07	6.106026e-08
60141.500743	1.407821e-07	1.633910e-08
60142.500743	5.635085e-07	7.905061e-08
60143.500743	1.313191e-07	4.667986e-08
60144.500743	4.850777e-07	1.528304e-07
60145.500743	5.013558e-07	7.579050e-08
60146.500743	2.050125e-07	2.055904e-08
60147.500743	3.014837e-07	4.302098e-08
60148.500743	3.616122e-07	4.603366e-08
60149.500743	2.236541e-07	5.547910e-08
60150.500743	1.470237e-07	3.455529e-09
60151.500743	3.239017e-07	4.086743e-08
60152.500743	1.366782e-06	2.810768e-09
60153.500743	1.762956e-05	9.221430e-07
60154.500743	1.052734e-05	2.108325e-08
60155.500743	1.128366e-04	6.312877e-07
60158.500743	1.105438e-05	4.533730e-09
60165.500743	1.683003e-04	2.683597e-05
60166.500743	1.013897e-05	1.057984e-07
60167.500743	2.558638e-06	2.803136e-08
60168.500743	1.818288e-06	3.984204e-07
60169.500743	9.196143e-08	1.864561e-12
60170.500743	2.389894e-07	3.006044e-08
60171.500743	5.071508e-07	1.279238e-08
60172.500743	4.568118e-07	3.497473e-08
60173.500743	9.405715e-08	5.914271e-11
60174.500743	1.418400e-07	2.424768e-08
60175.500743	6.715135e-08	1.190937e-11
60176.500743	1.087961e-07	4.762278e-10
60177.500743	1.538684e-07	1.641287e-08
60178.500743	8.911435e-08	2.451020e-11
60179.500743	1.462939e-07	1.039713e-09
60180.500743	3.648100e-07	6.634964e-08
60181.500743	1.108135e-07	1.506077e-08
60182.500743	1.125319e-07	2.269939e-10
60183.500743	1.023514e-07	2.343193e-12
60184.500743	1.228869e-07	2.843893e-11
60185.500743	7.682523e-08	2.758348e-11
60186.500743	5.664629e-07	1.002242e-07
60187.500743	1.550798e-07	5.725598e-08
60188.500743	8.505241e-08	1.431568e-10
60189.500743	1.394034e-07	6.437964e-09
60190.500743	5.140704e-07	7.485543e-08
60191.500743	6.400946e-08	3.449138e-11
60192.500743	2.724307e-07	4.307838e-08
60193.500743	1.182800e-07	1.720490e-10
60194.500743	3.792547e-07	1.243713e-07
60195.500743	7.817440e-08	5.527276e-12
60196.500743	3.197723e-07	6.342236e-08
60197.500743	1.357467e-07	5.889444e-08
60198.500743	4.352468e-07	5.230492e-08
60199.500743	9.527562e-08	2.031176e-09
60200.500743	3.230145e-07	6.307796e-08
60201.500743	1.022160e-07	3.193524e-10
60202.500743	1.015050e-07	2.138357e-09
60203.500743	6.503728e-07	1.787538e-07
60204.500743	5.178184e-08	1.513795e-09
60205.500743	3.414061e-07	2.310645e-08
60206.500743	1.384045e-07	3.686892e-10
60207.500743	4.037648e-07	5.928838e-08
60208.500743	7.129587e-08	6.284357e-11
60209.500743	3.896617e-07	5.690815e-08
60210.500743	2.986245e-07	2.597115e-08
60211.500743	1.631303e-07	5.355196e-08
60212.500743	1.286219e-07	4.676665e-08
60213.500743	8.917565e-08	4.300554e-11
60214.500743	1.010575e-07	1.779244e-08
60215.500743	1.742593e-07	2.141026e-08
60216.500743	2.803278e-07	4.933521e-09
60217.500743	4.681188e-07	1.394077e-08
60218.500743	8.940252e-08	4.590417e-10
60219.500743	4.266345e-07	1.247624e-07
60220.500743	1.830211e-07	6.400024e-08
60221.500743	1.250082e-07	3.095574e-09
60222.500743	1.166466e-07	1.090350e-09
60223.500743	1.267916e-07	1.490648e-11
60224.500743	2.210737e-07	4.676707e-08
60225.500743	3.989516e-07	1.089858e-07
60226.500743	8.083626e-08	2.947626e-09
60227.500743	5.378815e-08	1.263283e-12
60228.500743	1.128389e-07	3.740368e-09
60229.500743	7.457577e-08	1.655104e-09
60230.500743	2.752551e-07	1.942117e-08
60231.500743	1.012152e-07	1.502302e-08
60232.500743	1.339029e-07	4.646473e-09
60233.500743	8.551115e-08	1.705957e-09
60234.500743	7.857198e-08	1.004293e-11
60235.500743	1.136674e-07	2.675631e-09
60236.500743	8.105665e-08	2.380411e-12
60237.500743	6.367436e-08	1.051550e-11
60238.500743	2.444862e-07	2.505478e-08
60239.500743	2.005164e-07	3.032635e-08
60240.500743	1.186055e-07	1.502399e-08
60241.500743	4.698783e-07	1.456749e-08
60242.500743	5.166092e-07	1.816520e-08
60243.500743	8.525176e-08	1.149760e-10
60244.500743	2.062229e-07	7.888440e-08
60245.500743	1.245658e-07	4.204870e-08
60246.500743	4.738251e-07	1.409014e-07
60247.500743	7.746949e-08	9.948505e-11
60248.500743	4.642135e-07	1.270870e-07
60249.500743	4.316360e-07	5.184473e-08
60250.500743	4.200763e-07	1.293824e-08
60251.500743	7.905837e-08	4.970753e-11
60252.500743	3.443304e-07	8.579827e-09
60253.500743	5.479970e-07	1.573115e-08
60254.500743	1.825903e-07	1.788276e-08
60255.500743	3.148449e-07	8.514601e-09
60256.500743	2.038844e-07	4.604415e-09
60257.500743	1.796387e-07	6.351006e-08
60258.500743	3.485804e-07	9.956857e-08
60259.500743	9.329998e-08	6.831149e-09
60260.500743	2.092800e-07	7.817128e-08
60261.500743	8.747507e-08	1.431112e-11
60262.500743	8.654909e-08	2.410766e-10
60263.500743	1.299075e-07	8.136163e-11
60264.500743	1.682804e-07	5.106027e-09
60265.500743	2.740205e-07	8.675960e-08
60266.500743	1.408947e-07	4.040824e-09
60267.500743	1.373226e-07	1.472320e-09
60268.500743	1.678191e-07	6.875867e-08
60269.500743	9.692177e-08	1.517715e-08
60270.500743	2.225557e-07	3.506748e-08
60271.500743	4.700076e-07	1.277210e-07
60272.500743	1.290632e-07	2.228912e-08
60273.500743	9.700840e-08	3.101779e-08
60274.500743	1.776036e-07	7.056503e-08
60275.500743	3.096642e-07	1.103173e-07
60276.500743	1.259373e-07	2.425671e-09
60277.500743	2.092607e-07	2.811112e-08
60278.500743	4.325378e-08	1.843570e-12
60279.500743	7.320794e-08	2.208347e-12
60280.500743	2.163720e-07	8.966278e-08
60281.500743	7.816546e-08	9.363653e-09
60282.500743	5.589073e-08	2.320085e-12
60283.500743	1.629508e-07	5.639392e-08
60284.500743	1.138029e-07	4.646136e-08
60285.500743	2.536485e-07	7.474042e-09
60286.500743	6.533929e-08	5.975374e-11
60287.500743	9.211785e-08	1.752467e-11
60288.500743	4.052692e-07	7.275027e-08
60289.500743	2.036083e-07	1.291918e-08
60290.500743	4.565491e-07	5.685179e-08
60291.500743	7.555084e-08	6.038350e-12
60292.500743	7.912860e-08	1.553792e-08
60293.500743	6.987054e-08	1.755650e-09
60294.500743	1.401235e-07	8.892795e-08
60295.500743	8.136055e-08	6.324664e-11
60296.500743	3.059665e-07	2.723143e-08
60297.500743	3.386619e-07	1.101864e-07
60298.500743	4.330900e-07	4.276185e-08
60299.500743	3.720742e-07	3.125729e-08
60300.500743	1.340687e-07	1.099126e-08
60301.500743	1.833626e-07	3.173715e-08
60302.500743	1.984838e-07	3.082615e-08
60303.500743	9.116928e-08	1.193151e-08
60304.500743	8.548034e-08	1.815865e-09
60305.500743	9.090459e-08	1.618223e-09
60306.500743	1.872613e-07	2.861567e-08
60307.500743	4.258884e-07	3.258991e-08
60308.500743	1.524978e-07	1.118781e-08
60309.500743	7.994593e-08	8.516695e-12
60310.500743	4.807098e-07	1.247674e-07
60311.500743	2.080864e-07	4.103894e-09
60312.500743	1.691818e-06	4.782338e-10
60313.500743	2.041118e-06	8.545431e-09
60314.500743	3.248913e-06	1.567011e-08
60316.500743	7.723116e-06	2.004802e-08
60317.500743	3.381018e-06	1.286021e-08
60318.500743	2.439743e-06	5.986463e-10
60319.500743	3.661497e-06	1.199148e-08
60320.500743	3.926192e-06	2.321292e-09
60321.500743	3.874603e-06	1.464556e-08
60322.500743	4.104338e-06	6.157624e-07
60323.500743	1.622025e-05	7.097889e-07
60328.500743	8.024441e-06	7.394439e-07
60329.500743	1.832253e-06	6.316687e-07
60330.500743	3.903370e-06	7.476192e-07
60331.500743	1.526413e-07	1.249946e-09
60332.500743	1.124623e-07	3.279249e-11
60333.500743	1.244692e-07	6.044946e-09
60334.500743	1.376046e-07	9.080425e-11
60335.500743	5.970448e-07	9.677090e-08
60336.500743	3.416082e-07	1.261115e-08
60337.500743	1.057792e-07	6.430869e-12
60338.500743	2.927614e-07	9.091258e-09
60339.500743	6.726884e-08	1.618973e-12
60340.500743	2.453447e-07	6.001628e-09
60341.500743	1.122842e-07	8.078403e-11
60342.500743	3.725904e-07	4.937874e-08
60343.500743	8.946690e-08	4.249906e-10
60344.500743	1.564619e-07	2.838668e-08
60345.500743	2.731940e-07	8.856260e-09
60346.500743	1.478125e-07	3.152530e-10
60347.500743	8.063550e-08	9.776219e-11
60348.500743	9.194744e-08	2.163001e-11
60349.500743	1.143479e-07	4.755283e-10
60350.500743	4.289134e-07	1.265221e-07
60351.500743	3.038566e-07	3.910259e-08
60352.500743	4.042296e-07	1.022048e-08
60353.500743	1.495713e-07	5.036997e-09
60354.500743	4.840729e-07	1.360332e-07
60355.500743	3.019528e-07	4.711280e-08
60356.500743	1.753430e-07	2.974994e-08
60357.500743	1.494628e-07	1.879739e-10
60358.500743	2.187964e-07	3.607173e-08
60359.500743	4.424356e-07	3.922200e-08
60360.500743	5.314386e-07	2.442876e-09
60361.500743	6.975675e-06	8.626189e-11
60362.500743	2.381942e-06	2.653164e-07
60363.500743	2.055470e-06	6.303374e-07
60364.500743	5.561489e-07	3.955914e-10
60365.500743	5.537962e-07	5.634251e-09
60366.500743	1.806864e-06	4.487780e-07
60367.500743	3.394379e-07	7.015090e-10
60368.500743	7.209727e-07	7.552288e-09
60369.500743	6.331572e-07	6.954726e-08
60370.500743	5.930646e-07	8.013921e-11
60371.500743	2.603790e-07	3.490259e-10
60372.500743	3.844424e-07	6.150268e-10
60373.500743	3.155804e-07	1.118555e-07
60374.500743	2.720254e-07	4.011909e-08
60375.500743	6.539209e-08	3.547752e-11
60376.500743	1.281337e-07	9.587258e-12
60377.500743	1.017542e-07	1.049867e-11
60378.500743	1.184086e-07	1.562962e-09
60379.500743	1.645276e-07	6.647516e-10
60380.500743	1.101452e-07	3.002476e-10
60381.500743	1.489541e-07	4.413978e-08
60382.500743	6.027439e-08	4.340016e-12
60383.500743	2.932317e-07	8.581456e-08
60384.500743	3.983141e-07	3.630356e-08
60385.500743	4.486637e-07	8.305344e-08
60386.500743	7.926793e-08	1.756371e-11
60387.500743	1.299420e-07	2.080495e-08
60388.500743	1.498145e-07	1.833783e-08
60389.500743	4.035840e-07	1.186924e-08
60390.500743	3.673317e-07	5.478294e-08
60391.500743	9.555129e-08	1.478385e-10
60392.500743	7.734457e-08	2.839485e-09
60393.500743	2.002218e-07	1.892195e-08
60394.500743	6.298173e-08	1.995017e-11
60395.500743	4.350195e-07	4.448183e-08
60396.500743	1.250869e-07	7.896988e-10
60397.500743	3.952869e-07	6.769450e-08
60398.500743	3.766464e-07	5.646892e-08
60399.500743	1.479246e-07	4.928909e-08
60400.500743	1.023392e-07	4.094792e-11
60401.500743	2.143298e-07	2.106088e-08
60402.500743	3.220365e-07	4.153191e-08
60403.500743	5.844448e-07	1.319502e-07
60404.500743	1.947734e-07	6.821239e-08
60405.500743	1.153760e-07	4.215152e-09
60406.500743	4.296278e-07	1.354659e-07
60407.500743	3.830460e-07	9.142222e-08
60408.500743	4.534942e-07	1.096813e-08
60409.500743	1.105622e-07	1.165798e-10
60410.500743	2.316585e-07	2.045466e-08
60411.500743	1.312327e-07	1.462254e-10
60412.500743	5.678156e-07	1.632585e-07
60413.500743	1.492095e-07	3.395512e-08
60414.500743	1.569542e-07	1.388817e-11
60415.500743	5.821230e-08	1.558478e-11
60416.500743	1.240100e-07	1.589752e-08
60417.500743	5.896023e-07	8.211818e-08
60418.500743	9.283270e-08	2.684739e-11
60419.500743	9.732474e-08	1.060535e-10
60420.500743	3.618215e-07	3.403650e-08
60421.500743	5.598890e-07	1.346326e-07
60422.500743	4.246820e-07	1.492176e-08
60423.500743	1.519567e-07	6.669917e-09
60424.500743	2.503811e-07	9.516106e-08
60425.500743	1.727316e-07	3.696089e-09
60426.500743	6.343946e-07	1.071826e-07
60427.500743	8.080538e-08	3.514808e-11
60428.500743	1.467405e-07	4.728428e-08
60429.500743	6.978654e-08	2.122234e-08
60430.500743	3.267196e-07	6.461198e-08
60431.500743	2.651230e-07	3.393936e-08
60432.500743	3.990963e-07	3.253583e-08
60433.500743	6.832841e-08	2.249470e-10
60434.500743	1.802894e-07	2.226699e-08
60435.500743	2.480219e-07	8.676477e-09
60436.500743	2.550655e-07	3.162451e-08
60437.500743	9.457625e-08	6.023208e-11
60438.500743	1.112355e-07	5.632994e-11
60439.500743	9.900781e-08	3.908741e-10
60440.500743	2.453175e-07	2.871356e-08
60441.500743	1.228083e-07	1.185907e-09
60442.500743	9.536782e-08	4.011409e-10
60443.500743	8.306105e-08	2.462714e-10
60444.500743	4.988045e-07	5.000531e-08
60445.500743	1.068774e-07	5.312369e-10
60446.500743	1.923257e-07	4.920173e-10
60447.500743	9.358581e-08	1.211385e-11
60448.500743	1.165278e-07	1.034684e-10
60449.500743	2.749448e-07	4.987035e-08
60450.500743	7.361511e-08	2.826231e-13
60451.500743	6.211023e-07	4.566905e-08
60452.500743	1.239377e-07	2.084331e-10
60453.500743	7.919714e-08	1.229146e-10
60454.500743	1.900904e-07	2.230923e-10
60455.500743	6.715656e-08	7.292261e-12
60456.500743	2.071916e-07	4.365464e-08
60457.500743	1.567094e-07	5.210061e-09
60458.500743	3.203435e-07	1.061689e-08
60459.500743	4.027115e-07	4.869371e-08
60460.500743	3.485749e-07	4.436010e-08
60461.500743	4.491140e-07	5.177350e-08
60462.500743	2.275005e-07	7.563563e-08
60463.500743	1.597613e-07	3.061350e-08
60464.500743	1.505388e-07	2.723820e-10
60465.500743	3.882791e-07	4.822371e-08
60466.500743	1.213367e-07	3.907884e-10
60467.500743	2.521466e-07	7.300802e-09
60468.500743	1.396094e-07	2.660114e-10
60469.500743	6.627226e-08	7.838645e-10
60470.500743	2.800442e-07	9.436380e-08
60471.500743	5.709974e-07	7.437860e-08
60472.500743	1.470303e-07	1.349631e-11
60473.500743	6.297390e-07	9.436781e-08
60474.500743	1.016285e-07	3.098747e-10
60475.500743	2.105277e-07	1.806501e-08
60476.500743	8.899383e-08	8.634090e-13
60477.500743	8.406032e-08	1.854906e-11
60478.500743	1.003354e-07	1.140168e-11
60479.500743	6.196790e-07	1.785338e-07
60480.500743	3.142032e-07	5.800629e-08
60481.500743	1.333869e-07	9.538307e-11
60482.500743	1.965473e-07	1.813235e-10
60483.500743	2.029016e-07	7.097555e-08
60484.500743	1.140495e-07	5.576371e-11
60485.500743	4.701757e-07	4.589162e-08
60486.500743	1.393050e-07	2.628884e-12
60487.500743	2.256910e-07	2.269342e-08
60488.500743	4.919411e-07	7.567703e-08
60489.500743	2.235071e-07	4.241904e-08
60490.500743	1.285488e-07	8.498539e-11
60491.500743	8.577766e-08	5.369830e-11
60492.500743	8.970179e-08	8.516910e-11
60493.500743	6.587583e-07	1.132220e-08
60494.500743	3.800702e-07	1.261845e-07
60495.500743	4.882115e-07	1.239693e-07
60496.500743	4.312309e-07	4.640803e-08
60497.500743	5.076852e-08	2.155921e-11
60498.500743	1.649780e-07	4.671661e-09
60499.500743	5.070498e-07	1.386242e-08
60500.500743	6.152593e-07	3.857603e-08
60501.500743	2.343285e-07	7.398584e-09
60502.500743	1.785101e-07	1.963275e-08
60503.500743	2.931871e-07	1.110445e-07
60504.500743	1.119013e-07	5.763913e-09
60505.500743	1.060712e-07	1.818405e-10
60506.500743	1.387745e-07	2.197239e-09
60507.500743	3.505405e-07	1.157054e-07
60508.500743	3.202177e-07	4.280016e-08
60509.500743	3.650400e-07	3.622542e-08
60510.500743	1.072519e-07	5.829114e-11
60511.500743	2.092481e-07	1.033987e-07
60512.500743	2.650446e-07	6.178833e-09
60513.500743	1.396895e-07	8.016472e-12
60514.500743	2.862430e-07	7.556763e-09
60515.500743	3.811038e-07	7.445633e-08
60516.500743	2.057821e-07	7.138574e-08
60517.500743	2.559941e-07	9.897592e-08
60518.500743	1.127700e-07	2.541099e-09
60519.500743	2.136493e-06	1.747406e-08
60520.500743	6.112777e-06	5.185193e-08
60534.500743	1.271718e-05	1.437221e-06
60535.500743	7.476155e-06	1.144312e-06
60536.500743	2.518641e-07	1.020362e-09
60537.500743	2.051327e-07	5.369848e-08
60538.500743	6.608069e-08	3.806556e-12
60539.500743	4.888854e-08	7.539139e-12
60540.500743	4.368493e-07	5.353861e-08
60541.500743	1.526189e-07	8.141322e-08
60542.500743	4.283845e-07	1.196618e-07
60543.500743	1.702259e-07	4.419823e-08
60544.500743	1.090864e-07	1.123899e-10
60545.500743	1.323410e-07	4.387300e-12
60546.500743	3.361622e-07	1.285419e-08
60547.500743	1.652362e-07	1.038049e-07
60548.500743	9.588149e-08	5.186640e-10
60549.500743	9.125723e-08	1.689854e-12
60550.500743	7.114277e-07	1.171888e-08
60551.500743	4.136218e-07	1.386640e-08
60552.500743	1.271751e-07	6.991602e-12
60553.500743	6.493644e-07	1.874448e-07
60554.500743	9.616507e-08	6.141966e-11
60555.500743	1.012236e-07	2.882483e-10
60556.500743	1.935722e-07	5.789817e-09
60557.500743	7.451773e-08	2.979014e-11
60558.500743	3.313149e-07	1.078967e-08
60559.500743	4.978382e-07	6.628891e-08
60560.500743	2.904669e-07	4.852672e-08
60561.500743	5.876985e-08	6.579718e-12
60562.500743	3.022078e-07	6.022292e-08
60563.500743	1.798462e-07	1.661513e-08
60564.500743	9.750476e-08	5.175387e-10
60565.500743	2.100380e-07	2.382936e-08
60566.500743	1.774559e-07	1.191892e-09
60567.500743	7.257867e-08	9.538236e-13
60568.500743	3.755297e-07	9.219743e-08
60569.500743	3.267907e-07	4.265181e-08
60570.500743	7.527601e-08	1.271660e-11
60571.500743	8.824857e-08	5.478945e-10
60572.500743	2.843402e-07	8.697446e-08
60573.500743	1.045502e-07	9.616505e-10
60574.500743	6.455032e-08	4.165139e-11
60575.500743	3.126613e-07	3.634249e-08
60576.500743	6.295465e-08	6.907558e-12
60577.500743	2.992866e-07	6.452574e-08
60578.500743	1.281153e-07	4.428251e-10
60579.500743	7.335774e-08	4.376445e-11
60580.500743	9.101686e-07	1.953278e-07
60581.500743	4.300793e-07	5.032382e-08
60582.500743	1.629917e-07	5.976780e-09
60583.500743	1.283270e-07	3.365919e-10
60584.500743	8.599005e-08	6.370148e-12
60585.500743	4.241554e-07	6.505653e-08
60586.500743	7.909122e-08	1.411632e-10
60587.500743	1.341735e-07	2.838438e-08
60588.500743	1.097977e-07	5.210399e-10
60589.500743	6.639653e-08	7.956006e-12
60590.500743	3.720191e-07	3.219659e-08
60591.500743	1.640738e-07	5.201054e-09
60592.500743	4.700090e-08	1.578913e-12
60593.500743	1.272652e-07	2.877130e-08
60594.500743	1.155235e-07	2.718379e-09
60595.500743	1.560416e-07	2.373871e-08
60596.500743	8.131864e-08	1.277991e-09
60597.500743	2.527186e-07	2.327158e-08
60598.500743	1.986284e-07	5.227078e-08
60599.500743	1.771706e-07	4.456761e-09
60600.500743	6.470531e-08	1.108375e-12
60601.500743	9.183125e-08	1.678407e-08
60602.500743	4.846294e-08	9.959876e-12
60603.500743	7.051806e-08	1.176656e-08
60604.500743	4.806528e-08	1.082034e-09
60605.500743	4.549936e-07	9.999722e-09
60606.500743	2.783277e-07	1.020625e-07
60607.500743	4.429913e-07	1.185618e-07
60608.500743	3.957026e-07	7.252243e-08
60609.500743	1.663670e-07	3.567672e-08
60610.500743	1.952979e-07	6.758737e-08
60611.500743	1.012128e-07	2.473832e-10
60612.500743	4.871514e-08	1.787551e-11
60613.500743	2.080479e-07	2.516709e-08
60614.500743	1.857357e-07	6.122558e-08
60615.500743	3.853759e-07	8.817121e-08
60616.500743	2.658532e-07	7.777770e-09
60617.500743	4.614253e-08	6.455579e-10
60618.500743	1.606559e-07	4.637650e-08
60619.500743	3.885584e-07	3.374036e-08
60620.500743	5.538391e-07	1.155860e-08
60621.500743	1.385692e-07	2.387256e-09
60622.500743	7.212320e-08	1.952504e-09
60623.500743	1.718543e-07	5.747819e-08
60624.500743	9.334694e-08	3.658681e-09
60625.500743	7.001400e-08	2.733379e-11
60626.500743	8.647963e-08	2.043042e-09
60627.500743	7.361233e-08	2.664122e-08
60628.500743	1.050156e-07	7.295519e-09
60629.500743	1.630133e-07	5.194492e-08
60630.500743	7.710899e-08	2.395942e-11
60631.500743	1.852593e-07	3.620672e-08
60632.500743	2.087671e-07	4.935035e-09
60633.500743	5.605943e-08	9.938485e-12
60634.500743	1.136337e-07	2.368424e-11
60635.500743	3.752213e-07	1.186083e-07
60636.500743	8.617847e-08	8.081214e-09
60637.500743	2.634994e-07	3.527360e-08
60638.500743	2.521370e-07	3.525598e-08
60639.500743	2.688869e-07	4.155597e-08
60640.500743	9.680505e-08	1.246372e-08
60641.500743	2.412331e-07	9.254246e-09
60642.500743	1.457526e-07	7.007879e-09
60643.500743	3.366569e-07	1.005563e-08
60644.500743	3.581196e-07	4.794119e-08
60645.500743	6.805003e-08	6.628506e-12
60646.500743	1.113201e-07	2.405259e-10
60647.500743	2.391858e-07	2.371897e-08
60648.500743	8.955642e-08	1.056567e-08
60649.500743	1.010726e-07	3.098901e-10
60650.500743	1.760405e-07	2.428255e-08
60651.500743	3.089295e-07	5.110565e-08
60652.500743	8.535115e-08	9.075733e-11
60653.500743	2.580143e-07	2.559600e-08
60654.500743	2.474206e-07	8.193187e-08
60655.500743	8.000462e-08	1.729138e-11
60656.500743	9.317797e-08	1.422292e-10
60657.500743	5.036182e-08	5.565800e-14
60658.500743	7.738864e-08	6.638099e-13
60659.500743	3.236848e-07	4.557938e-08
60664.500743	1.005456e-07	5.279918e-13
60665.500743	7.347901e-08	1.610166e-11
60666.500743	8.521118e-08	1.340002e-11
60667.500743	1.108416e-07	1.482744e-10
60668.500743	7.125637e-08	8.203568e-11
60669.500743	2.892123e-07	8.367036e-08
60670.500743	8.455976e-08	8.611376e-11
60671.500743	1.369864e-07	6.265337e-09
60672.500743	5.676878e-08	3.182962e-12
60673.500743	9.603898e-08	2.617644e-10
60674.500743	9.313157e-08	1.230697e-11
60675.500743	3.856547e-07	4.776250e-08
60676.500743	1.263038e-07	1.507008e-10
60677.500743	1.293230e-07	2.764481e-11
60678.500743	2.159745e-06	2.791551e-09
60679.500743	2.596375e-06	9.660439e-09
60680.500743	1.011520e-05	7.218486e-07
60681.500743	3.575813e-06	1.484014e-08
60682.500743	4.345279e-06	1.075312e-08
60683.500743	3.543304e-06	1.104605e-09
60684.500743	5.870312e-06	1.942743e-08
60685.500743	2.492534e-05	1.594576e-08
60686.500743	2.662194e-04	9.149040e-07
60694.500743	1.242480e-05	1.875571e-08
60695.500743	5.591479e-06	7.691080e-07
60696.500743	8.093225e-06	7.143266e-07
60697.500743	1.340858e-07	7.133669e-11
60698.500743	1.306590e-07	5.835433e-10
60699.500743	2.188392e-07	4.834956e-08
60700.500743	6.527308e-08	2.446125e-11
60701.500743	5.161932e-08	2.931329e-11
60702.500743	3.043307e-07	8.499045e-08
60703.500743	5.136694e-07	5.704000e-08
60704.500743	5.949165e-08	2.733854e-12
60705.500743	8.634589e-08	1.334129e-11
60706.500743	1.278884e-07	1.972303e-09
60707.500743	3.077541e-07	5.421166e-08
60708.500743	1.432294e-07	3.334366e-09
60709.500743	5.641671e-07	1.086912e-08
60710.500743	1.304289e-07	7.626236e-11
60711.500743	1.892632e-07	4.194312e-08
60712.500743	7.991064e-08	1.348764e-11
60713.500743	6.467123e-08	3.308501e-13
60714.500743	3.654854e-07	1.151908e-07
60715.500743	1.421083e-07	4.178842e-08
60716.500743	1.131662e-07	1.690353e-08
60717.500743	8.738000e-07	2.314164e-08
60718.500743	5.127412e-07	7.022805e-08
60719.500743	2.473766e-07	9.184337e-08
60720.500743	2.785410e-07	8.833474e-08
60721.500743	9.474859e-08	3.784954e-11
60722.500743	7.727554e-08	1.086367e-12
60723.500743	4.742479e-07	5.218604e-08
60724.500743	1.070251e-07	1.655572e-11
60725.500743	1.183597e-07	4.133253e-08
60726.500743	1.648642e-07	4.502157e-10
60727.500743	9.659352e-07	6.814401e-10
60728.500743	3.463027e-06	5.244365e-07
60729.500743	1.146355e-06	1.983231e-09
60730.500743	6.637705e-07	2.315082e-10
60731.500743	3.869340e-06	4.655224e-07
60732.500743	3.703121e-06	1.118766e-06
60733.500743	4.987897e-07	6.348269e-08
60734.500743	9.478114e-07	2.262627e-07
60735.500743	1.296596e-06	4.034575e-07
60736.500743	7.035891e-07	6.706328e-09
60737.500743	9.101428e-07	1.164092e-07
60738.500743	3.167836e-06	8.598390e-07
60739.500743	9.228801e-08	1.214831e-09
60740.500743	2.664764e-07	8.924927e-09
60741.500743	9.003860e-08	2.120448e-12
60742.500743	1.470173e-07	1.075747e-09
60743.500743	2.559705e-07	3.460158e-08
60744.500743	4.062283e-07	1.198278e-08
60745.500743	4.047104e-07	1.008945e-07
60746.500743	2.669294e-07	7.211570e-09
60747.500743	1.251283e-07	9.196249e-09
60748.500743	2.683195e-07	9.150057e-09
60749.500743	3.719408e-07	1.104142e-08
60750.500743	1.054365e-07	7.605847e-12
60751.500743	5.496615e-07	7.928966e-08
60752.500743	1.634545e-07	3.945212e-08
60753.500743	2.561663e-07	2.349267e-08
60754.500743	7.037120e-08	3.194163e-11
60755.500743	3.093430e-07	7.868746e-09
60756.500743	5.556333e-08	1.499751e-11
60757.500743	2.679411e-07	5.666012e-08
60758.500743	1.464492e-07	1.044340e-09
60759.500743	4.981942e-07	1.752579e-07
60760.500743	3.164299e-07	3.896531e-08
60761.500743	1.983105e-07	1.110412e-08
60762.500743	6.269050e-07	1.751929e-07
60763.500743	4.979973e-07	1.568880e-08
60764.500743	1.914178e-07	3.615941e-08
60765.500743	9.166826e-08	1.913980e-09
60766.500743	2.645814e-07	1.111626e-07
60767.500743	9.529957e-08	8.830404e-11
60768.500743	5.792855e-08	2.342697e-11
60769.500743	1.053320e-07	8.726785e-11
60770.500743	1.466625e-07	4.513321e-09
60771.500743	3.147038e-07	1.259021e-07
60772.500743	5.427298e-07	6.238764e-08
60773.500743	6.177179e-07	7.111937e-08
60774.500743	1.486913e-07	3.537254e-08
60775.500743	9.733371e-08	1.371432e-08
60776.500743	1.357843e-07	3.964057e-08
60777.500743	1.533047e-07	2.706601e-08
60778.500743	3.040965e-07	1.086387e-07
60779.500743	1.059007e-07	3.991500e-08
60780.500743	2.383959e-07	3.248469e-08
60781.500743	4.611250e-07	1.248377e-07
60782.500743	1.503825e-07	3.991091e-08
60783.500743	3.523916e-07	5.291268e-08
60784.500743	6.917583e-08	7.754792e-12
60785.500743	9.798153e-08	2.537708e-10
60786.500743	1.225657e-07	1.245560e-08
60787.500743	2.767071e-07	9.334813e-09
60788.500743	1.217395e-07	2.882381e-11
60789.500743	8.409565e-08	2.736352e-10
60790.500743	3.810512e-07	3.234505e-08
60791.500743	2.654890e-07	7.940019e-09
60792.500743	1.016362e-07	1.482594e-08
60793.500743	3.186302e-07	5.593493e-08
60794.500743	9.073528e-08	1.289245e-08
60795.500743	2.603764e-07	4.054317e-08
60796.500743	1.279240e-07	4.005973e-09
60797.500743	7.468798e-08	1.019091e-10
60798.500743	1.690262e-07	2.346087e-08
60799.500743	6.094650e-07	1.162405e-08
60800.500743	4.367774e-08	6.879972e-12
60801.500743	1.919644e-07	2.368852e-08
60802.500743	2.615679e-07	7.474706e-09
60803.500743	1.276755e-07	1.259244e-08
60804.500743	2.200720e-07	7.971201e-09
60805.500743	4.923065e-08	2.844797e-10
60806.500743	1.759856e-07	4.563741e-08
60807.500743	9.796744e-08	3.193773e-08
60808.500743	1.609659e-07	3.557871e-09
60809.500743	1.003739e-07	4.254942e-09
60810.500743	8.356234e-08	2.727086e-08
60811.500743	3.048322e-07	9.252844e-08
60812.500743	4.215564e-07	5.514676e-08
60813.500743	1.383231e-07	6.129381e-09
60814.500743	9.446735e-08	9.091481e-12
60815.500743	5.891224e-08	5.842855e-13
60816.500743	2.501460e-07	1.099393e-07
60817.500743	2.183921e-07	3.451374e-08
60818.500743	7.669515e-08	2.945594e-12
60819.500743	3.730058e-07	4.957170e-08
60820.500743	2.975884e-07	1.004352e-07
60821.500743	4.531580e-07	1.418171e-08
60822.500743	4.240165e-07	5.638932e-08
60823.500743	9.586266e-08	5.254400e-11
60824.500743	7.653114e-07	1.681124e-08
60825.500743	1.215298e-07	1.379971e-08
60826.500743	4.841437e-07	1.214851e-08
60827.500743	1.486169e-07	2.481693e-10
60828.500743	1.198101e-07	5.504462e-10
60829.500743	1.688117e-07	7.163774e-08
60830.500743	1.030610e-07	5.731759e-12
60831.500743	1.157654e-07	2.784021e-10
60832.500743	1.978150e-07	2.479984e-08
60833.500743	2.163341e-07	5.002932e-09
60834.500743	6.210009e-08	2.768456e-10
60835.500743	8.192369e-08	1.318168e-10
60836.500743	2.840726e-07	4.553484e-08
60837.500743	1.793372e-07	7.345464e-09
60838.500743	4.488880e-07	8.173344e-08
60839.500743	4.392385e-07	5.333552e-08
60840.500743	1.200194e-07	7.186190e-12
60841.500743	7.989153e-07	8.488481e-08
60842.500743	2.557144e-07	5.963113e-08
60843.500743	9.889465e-08	1.010423e-11
60844.500743	3.405433e-07	3.947591e-08
60845.500743	4.670428e-07	1.447485e-08
60847.500743	2.866534e-07	1.100043e-07
60848.500743	3.471746e-07	3.179699e-08
60849.500743	3.998613e-07	1.228112e-07
60850.500743	4.088582e-05	2.080322e-08
60851.500743	1.647106e-06	1.952769e-09
60852.500743	2.708669e-07	1.213779e-09
60853.500743	7.343936e-07	6.009446e-07
60854.500743	7.849459e-07	5.570984e-08
60855.500743	2.660515e-07	1.022470e-07
60856.500743	6.561669e-07	1.289901e-08
60857.500743	2.754389e-07	5.829185e-08
60858.500743	4.121399e-07	1.455795e-07
60859.500743	1.345921e-07	7.518813e-09
60860.500743	1.806603e-07	3.267905e-08
60861.500743	8.492883e-08	1.017730e-08
60862.500743	3.435330e-07	7.851709e-08
60863.500743	3.807952e-07	4.250752e-08
60864.500743	4.955800e-07	5.406131e-08
60865.500743	1.358997e-07	5.750406e-12
60866.500743	1.095975e-07	5.445483e-11
60867.500743	5.617505e-08	3.960006e-11
60868.500743	4.943637e-07	7.824441e-08
60869.500743	1.146989e-07	1.715407e-11
60870.500743	1.613826e-07	2.521932e-09
60871.500743	9.900936e-08	3.192051e-12
60872.500743	8.729299e-08	1.692916e-11
60873.500743	3.325737e-07	9.779788e-08
60874.500743	2.478747e-07	1.942525e-08
60875.500743	4.258673e-07	1.906383e-08
60876.500743	1.430294e-07	2.219658e-10
60877.500743	1.820946e-07	2.922970e-10
60878.500743	8.883843e-08	3.955290e-11
60879.500743	5.535970e-08	1.634068e-12
60880.500743	1.382546e-07	2.860871e-08
60881.500743	6.814201e-07	8.659693e-08
60882.500743	2.260554e-07	3.740682e-08
60883.500743	1.736458e-07	4.968387e-09
60884.500743	1.273152e-06	3.698755e-09
60885.500743	6.122573e-06	8.850053e-08
60898.500743	5.545205e-04	2.875655e-04
60899.500743	5.933939e-05	2.475127e-07
60900.500743	4.370754e-06	7.883554e-07
60901.500743	6.259866e-07	1.988409e-07
60902.500743	3.262300e-07	1.072847e-07
60903.500743	9.108062e-08	1.312659e-08
60904.500743	6.351783e-07	1.498536e-08
60905.500743	4.029803e-07	4.243639e-08
60906.500743	3.147649e-07	5.128465e-08
60907.500743	1.491140e-07	1.964731e-08
60908.500743	4.020206e-07	9.776469e-09
60909.500743	3.300382e-07	1.134235e-07
60910.500743	2.471018e-07	1.309017e-07
60911.500743	2.805309e-07	5.408996e-08
60912.500743	5.071539e-07	1.564461e-07
60913.500743	3.860985e-07	6.307343e-08
60914.500743	6.218192e-07	5.814903e-08
60915.500743	4.077846e-07	1.297295e-07
60916.500743	3.693435e-07	1.268723e-07
60917.500743	1.686994e-07	7.671483e-11
60918.500743	9.498364e-08	4.063521e-11
60919.500743	7.764791e-08	5.337457e-11
60920.500743	1.005216e-07	1.581274e-11
60921.500743	5.130324e-08	2.279472e-11
60922.500743	5.500338e-08	2.067886e-12
60923.500743	3.728362e-07	4.959242e-08
60924.500743	1.436280e-07	5.591763e-08
60925.500743	1.401288e-07	5.300666e-10
60926.500743	2.664751e-07	1.274930e-08
60927.500743	9.050117e-08	1.526052e-11
60928.500743	1.811696e-07	2.288062e-08
60929.500743	1.279739e-07	1.353379e-10
60930.500743	5.221268e-07	7.960928e-08
60931.500743	2.549190e-07	5.530638e-08
60932.500743	1.466759e-07	2.484594e-10
60933.500743	3.912451e-07	9.245153e-09
60934.500743	1.432306e-07	1.748298e-08
60935.500743	6.671930e-07	1.096267e-07
60936.500743	7.150353e-07	1.603185e-08
60937.500743	3.579135e-07	1.152424e-08
60938.500743	3.556216e-07	1.016554e-07
60939.500743	7.452516e-08	2.918597e-11
60940.500743	1.908001e-07	3.192709e-08
60941.500743	1.120377e-07	2.114990e-09
60942.500743	9.904407e-08	6.172561e-11
60943.500743	4.208119e-07	1.302339e-07
60944.500743	1.054977e-07	1.962274e-11
60945.500743	3.300833e-07	8.546070e-08
60946.500743	2.329605e-07	4.565720e-08
60947.500743	1.632619e-07	3.779990e-10
60948.500743	1.601937e-07	1.452860e-10
60949.500743	2.643898e-07	9.612457e-08
60950.500743	5.677273e-08	1.251196e-10
60951.500743	1.116599e-07	2.772347e-09
60952.500743	1.001651e-07	5.481742e-11
60953.500743	6.121638e-08	5.663483e-11
60954.500743	4.056978e-07	3.532364e-08
60955.500743	3.632990e-07	1.073727e-08
60956.500743	1.427274e-07	3.350420e-09
60957.500743	1.799743e-07	2.493935e-08
60958.500743	6.497910e-08	1.081439e-10
60959.500743	4.021711e-08	2.766116e-13
60960.500743	2.392080e-07	3.722607e-08
60961.500743	6.660773e-08	8.846081e-11
60962.500743	3.150687e-07	1.741991e-08
60963.500743	5.453016e-07	5.165173e-08
60964.500743	6.427187e-08	2.459986e-11
60965.500743	1.901742e-07	2.087618e-08
60966.500743	8.648520e-08	1.499833e-09
60967.500743	1.352166e-07	2.936797e-07
60968.500743	4.965337e-08	2.069189e-11
60969.500743	2.263663e-07	2.641492e-08
60970.500743	4.873613e-08	2.060890e-10
60971.500743	1.169470e-07	1.861448e-10
60972.500743	1.764090e-07	2.940722e-08
60973.500743	1.919847e-07	1.817719e-08
60974.500743	6.003894e-08	7.785836e-11
60975.500743	5.763133e-08	5.685063e-12
60976.500743	2.299387e-07	2.159933e-08
60977.500743	1.099720e-07	1.357579e-10
60978.500743	5.257131e-08	1.806574e-11
60979.500743	1.032099e-07	3.946904e-09
60980.500743	1.308874e-07	4.658427e-09
60981.500743	6.920080e-08	8.433554e-09
60982.500743	2.718842e-07	4.853160e-08
60983.500743	2.664505e-07	6.996114e-09
60985.500743	2.279147e-07	6.413882e-09
60986.500743	7.936942e-08	1.620067e-10
60987.500743	6.730386e-08	1.397127e-11
60988.500743	5.188084e-08	1.579799e-11
60989.500743	6.639742e-08	3.252722e-09
60991.500743	1.084498e-07	1.574295e-11
60992.500743	1.933174e-07	3.573139e-08
60993.500743	1.082905e-07	1.334741e-10
60994.500743	4.442736e-07	7.067887e-08
60995.500743	2.940083e-07	3.010392e-08
60996.500743	1.711947e-07	4.959739e-08
60997.500743	9.110048e-08	1.329748e-08
60998.500743	1.083459e-07	2.912069e-11
60999.500743	3.583645e-07	3.512380e-08
61000.500743	1.290373e-07	2.896194e-10
61001.500743	7.919822e-08	7.109660e-09
61002.500743	1.322773e-07	1.634776e-11
61003.500743	1.244158e-07	9.167388e-09
61004.500743	1.627969e-07	5.439689e-08
61005.500743	2.983014e-07	3.956243e-09
61006.500743	8.176728e-08	9.841139e-09
61007.500743	8.544821e-08	3.359585e-12
61008.500743	1.022549e-07	6.615057e-10
61009.500743	2.725885e-07	3.262143e-08
61010.500743	1.003181e-07	1.154868e-09
61011.500743	1.889484e-07	2.438726e-08
61012.500743	9.410908e-08	1.161032e-11
61013.500743	2.815774e-07	5.866326e-09
61014.500743	2.414558e-07	5.152745e-08
61015.500743	4.300515e-07	6.489360e-08
61016.500743	1.177793e-07	1.181361e-09
61017.500743	7.032169e-08	1.050050e-11
61018.500743	1.742323e-07	5.031141e-08
61019.500743	2.684660e-07	3.693086e-08
61020.500743	2.923570e-07	1.031419e-07
61021.500743	1.263314e-07	1.570479e-08
61022.500743	1.830161e-07	3.106580e-08
61023.500743	2.024324e-07	2.599747e-08
61024.500743	2.525671e-07	9.091907e-08
61025.500743	1.186246e-07	1.710986e-08
61026.500743	2.063430e-07	7.337148e-09
61027.500743	1.067044e-07	3.219148e-09
61028.500743	1.172957e-07	1.808780e-08
61029.500743	4.796930e-08	3.995497e-11
61030.500743	6.242583e-07	5.884634e-08
61031.500743	7.317684e-08	3.187352e-09
61032.500743	4.424337e-07	8.489047e-08
61033.500743	1.285755e-07	1.695927e-11
61034.500743	1.916310e-07	6.157144e-09
61035.500743	1.470533e-07	6.320276e-11
61036.500743	3.395266e-07	1.461884e-08
61037.500743	5.739834e-07	1.538832e-08
61038.500743	2.561012e-07	2.063489e-08
61039.500743	6.461090e-08	1.920438e-11
61040.500743	2.274418e-07	4.643252e-08
61041.500743	7.828182e-08	6.590939e-10
61042.500743	1.259881e-06	2.251777e-07
61043.500743	1.598187e-06	1.637372e-09
61044.500743	2.866399e-06	2.636706e-09
61045.500743	3.567837e-06	7.068249e-07
61046.500743	4.859317e-06	7.770649e-07
61047.500743	1.246550e-05	7.100373e-07
61048.500743	1.382321e-05	7.036844e-07
61049.500743	2.429918e-06	1.200506e-08
61050.500743	2.562796e-06	5.283873e-09
61051.500743	3.783012e-06	1.061893e-09
61052.500743	8.395276e-06	1.695055e-08
61053.500743	5.587349e-06	1.498698e-08
61054.500743	1.915707e-05	8.432174e-09
61055.500743	1.759044e-04	3.494181e-08
61059.500743	4.228457e-06	1.917441e-08
61060.500743	1.386693e-06	2.175771e-10
61061.500743	2.227140e-06	4.925358e-07
61062.500743	2.512348e-07	4.863677e-08
61063.500743	2.827898e-07	7.872507e-09
61064.500743	7.942869e-08	1.413676e-11
61065.500743	3.134712e-07	9.147001e-09
61066.500743	1.012052e-07	1.127645e-11
61067.500743	3.619457e-07	1.082210e-08
61068.500743	4.674299e-07	5.105673e-08
61069.500743	1.618764e-07	9.574159e-10
61070.500743	1.153570e-07	2.746447e-10
61071.500743	7.440118e-08	5.291411e-12
61072.500743	8.698149e-07	1.948023e-07
61073.500743	6.610356e-07	2.109894e-07
61074.500743	4.935988e-07	4.767440e-08
61075.500743	1.522489e-07	4.755470e-09
61076.500743	3.921923e-07	3.939333e-08
61077.500743	1.277645e-07	1.313246e-13
61078.500743	1.518600e-07	1.975177e-08
61079.500743	1.039006e-07	1.622381e-12
61080.500743	2.616600e-07	1.036082e-07
61081.500743	4.087338e-07	1.335424e-08
61082.500743	3.493923e-07	1.126803e-08
61083.500743	1.774438e-07	1.193189e-10
61084.500743	6.312540e-08	7.121895e-12
61085.500743	3.027211e-07	4.832917e-08
61086.500743	6.526613e-07	2.714033e-08
61087.500743	3.459237e-07	9.850035e-08
61088.500743	1.058120e-07	9.141661e-11
61089.500743	9.355938e-08	2.128813e-12
61090.500743	1.790936e-07	5.720207e-09
61091.500743	5.971444e-07	2.068770e-09
61092.500743	1.440435e-06	4.904826e-07
61093.500743	1.446066e-06	6.332853e-06
61094.500743	1.003152e-06	6.084584e-07
61095.500743	2.624212e-06	8.278859e-07
61096.500743	3.753258e-07	9.320189e-10
61097.500743	1.721267e-06	5.172240e-07
61098.500743	9.694352e-07	5.107196e-09
61099.500743	2.143015e-06	6.090813e-07
61100.500743	3.282060e-07	1.247749e-09
61101.500743	4.600026e-07	7.447158e-10
61102.500743	9.104908e-07	2.558994e-09
61103.500743	1.764517e-07	2.446265e-08
61104.500743	3.210264e-07	7.756187e-09
61105.500743	1.419005e-07	1.116583e-10
61106.500743	1.606966e-07	1.028790e-06
61107.500743	5.338943e-07	1.247539e-08
61108.500743	4.101188e-07	7.768050e-08
61109.500743	4.624041e-07	1.132297e-08
61110.500743	7.554027e-08	1.280064e-10
61111.500743	5.384078e-07	1.281250e-08
61112.500743	2.946573e-07	3.984165e-08
61113.500743	5.895211e-07	4.390401e-08
61114.500743	1.019423e-07	1.880002e-10
61115.500743	2.135157e-07	7.068408e-08
61116.500743	4.676701e-07	1.465736e-08
61117.500743	4.608939e-07	1.397773e-07
61118.500743	1.240581e-07	4.219580e-08
61119.500743	1.277971e-07	8.408214e-10
61120.500743	2.774831e-07	4.350390e-08
61121.500743	3.995779e-07	9.556621e-09
61122.500743	7.840149e-08	5.744566e-10
61123.500743	9.164428e-08	9.918300e-11
61124.500743	4.012037e-07	1.276602e-07
61125.500743	1.273435e-07	1.844687e-11
61126.500743	9.717341e-08	2.661152e-10
61127.500743	9.800531e-07	5.251817e-08
61128.500743	3.537961e-07	9.000864e-09
61129.500743	4.445992e-07	8.817134e-08
61130.500743	4.270511e-07	1.180387e-08
61131.500743	3.982637e-07	1.119810e-08
61132.500743	8.336611e-07	6.235378e-08
61133.500743	2.978493e-07	3.860670e-08
61134.500743	3.487874e-07	1.185954e-07
61135.500743	2.925395e-07	9.069998e-09
61136.500743	4.262125e-07	1.173842e-08
61137.500743	8.044602e-08	2.484170e-12
61138.500743	7.010991e-08	3.122337e-12
61139.500743	9.036609e-08	8.494127e-09
61140.500743	7.230339e-08	2.302673e-12
61141.500743	2.536208e-07	3.131327e-08
61142.500743	5.456865e-07	4.571038e-08
61143.500743	4.179939e-07	1.102784e-08
61144.500743	1.564553e-07	2.558818e-09
61145.500743	1.464874e-07	5.771522e-08
61146.500743	2.324436e-07	6.110608e-09
61147.500743	2.117711e-07	5.294735e-09
61148.500743	2.623749e-07	3.709838e-08
61149.500743	3.400221e-07	3.064655e-08
61150.500743	1.887843e-07	6.846529e-08
61151.500743	8.906523e-08	1.200278e-10
61152.500743	3.087861e-07	3.810458e-08
61153.500743	6.308497e-08	1.920351e-12
61154.500743	8.825182e-07	8.296451e-08
61155.500743	3.883102e-07	4.411427e-08
61156.500743	9.868745e-08	6.770170e-10
61157.500743	7.337669e-08	2.756062e-09
61158.500743	2.153268e-07	6.049237e-09
61159.500743	8.805132e-08	1.913914e-08
61160.500743	1.510646e-07	3.145766e-09
61161.500743	6.730392e-08	1.426899e-09
61162.500743	1.451165e-07	3.306940e-08
61163.500743	5.627041e-08	1.496968e-09
61164.500743	2.749817e-07	5.401879e-08
61165.500743	1.069682e-07	2.691130e-09
61166.500743	1.076039e-07	2.986032e-09
61167.500743	2.998484e-07	2.800832e-08
61168.500743	7.259456e-08	1.268038e-08
61169.500743	7.755612e-08	1.115840e-11
61170.500743	1.024202e-07	1.646607e-10
61171.500743	3.460142e-08	1.905619e-12
61172.500743	1.124632e-07	1.916277e-08
61173.500743	4.769854e-08	5.268562e-12
61174.500743	1.331432e-07	2.612803e-08
61175.500743	3.379649e-07	3.580708e-08
61176.500743	3.977830e-07	4.072285e-08
61177.500743	2.861331e-07	4.787456e-08
61178.500743	1.262297e-07	6.175914e-09
61179.500743	2.555146e-07	1.043429e-07
61180.500743	1.437893e-07	4.869764e-11
61181.500743	8.887600e-07	1.624895e-08
61182.500743	6.183491e-07	6.233123e-08
61183.500743	2.432416e-07	3.445080e-08
61184.500743	5.410232e-07	1.639864e-07
61185.500743	1.533830e-07	1.568626e-10
61186.500743	1.108614e-07	9.595011e-11
61187.500743	4.822813e-07	4.934490e-08
61188.500743	3.118748e-07	3.580105e-08
61189.500743	2.592072e-07	5.221703e-08
61190.500743	3.043824e-07	1.043467e-08
61191.500743	1.064739e-07	1.385429e-10
61192.500743	2.413688e-07	8.904482e-08
61193.500743	3.209095e-07	2.083298e-08
61194.500743	2.314840e-07	6.537946e-09
61195.500743	7.438483e-08	9.191784e-12
61196.500743	4.343004e-08	5.427485e-12
61197.500743	6.437287e-08	1.789335e-11
61198.500743	1.448203e-07	3.156738e-09
61199.500743	1.042775e-07	1.204447e-08
61200.500743	2.074911e-07	4.740330e-08
61201.500743	1.050051e-07	2.633494e-11
61202.500743	5.813927e-07	2.351526e-07
61203.500743	3.018407e-07	4.318025e-08
61204.500743	1.171298e-07	3.006078e-11
61205.500743	1.607274e-07	1.309305e-11
61206.500743	1.032265e-07	9.473012e-13
61207.500743	4.109469e-07	1.315388e-08
61208.500743	4.687922e-07	1.766039e-07
61209.500743	8.499190e-07	9.790186e-08
61210.500743	7.334031e-08	8.149335e-12
61211.500743	1.296296e-07	1.168750e-08
61212.500743	2.724896e-07	9.468697e-08
61213.500743	2.111615e-07	2.668018e-09
61214.500743	3.101259e-07	6.845890e-08
61215.500743	3.207256e-07	6.086749e-08
61216.500743	3.233794e-07	3.148750e-08
61217.500743	9.439717e-08	2.497801e-12
61218.500743	3.077019e-07	1.246805e-07
61219.500743	5.350607e-07	4.032423e-08
61220.500743	5.468962e-07	9.887225e-09
